datetime,geracao_solar_kwh,consumo_kwh,reserva_bateria_pct,temp_externa_c,temp_interna_c,radiacao_msv,oxigenio,energia,comunicacao,habitat,pressao,combustivel
2026-01-01 00:00,3.2,40.5,70.5,-111.1,24.2,0.219,1,1,1,1,1,1
2026-01-01 04:00,0.13,43.98,78.0,-98.2,20.5,0.197,1,1,1,1,1,1
2026-01-01 08:00,29.71,46.73,66.9,-116.1,24.9,0.201,1,1,1,1,1,1
2026-01-01 12:00,86.59,52.37,82.2,-96.9,23.9,0.061,1,1,1,1,1,1
2026-01-01 16:00,27.57,47.3,72.4,-111.6,20.9,0.284,1,1,1,1,1,1
2026-01-01 20:00,4.95,52.8,76.1,-92.6,24.9,0.244,1,1,1,1,1,1
2026-01-02 00:00,4.38,46.29,78.1,-104.2,25.4,0.165,1,1,1,1,1,1
2026-01-02 04:00,2.0,44.39,85.0,-99.6,19.6,0.062,1,1,1,1,1,1
2026-01-02 08:00,29.97,50.58,84.4,-85.6,19.1,0.23,1,1,1,1,1,1
2026-01-02 12:00,79.07,59.08,82.5,-109.5,22.5,0.095,1,1,1,1,1,1
2026-01-02 16:00,28.42,50.79,80.6,-98.8,19.0,0.131,1,1,1,1,1,1
2026-01-02 20:00,4.39,58.94,66.7,-100.6,19.5,0.24,1,1,1,1,1,1
2026-01-03 00:00,2.12,44.24,75.8,-90.8,20.4,0.128,1,1,1,1,1,1
2026-01-03 04:00,1.69,51.77,69.6,-111.2,19.5,0.208,1,1,1,1,1,1
2026-01-03 08:00,24.76,42.65,83.7,-97.2,22.3,0.246,1,1,1,1,1,1
2026-01-03 12:00,84.58,53.47,84.7,-116.1,21.8,0.135,1,1,1,1,1,1
2026-01-03 16:00,25.0,58.47,73.9,-85.5,22.9,0.063,1,1,1,1,1,1
2026-01-03 20:00,2.43,44.27,73.0,-117.7,21.7,0.296,1,1,1,1,1,1
2026-01-04 00:00,2.78,54.37,68.1,-108.1,25.8,0.195,1,1,1,1,1,1
2026-01-04 04:00,0.79,59.22,66.6,-112.6,23.2,0.219,1,1,1,1,1,1
2026-01-04 08:00,26.13,51.67,75.5,-82.6,20.4,0.229,1,1,1,1,1,1
2026-01-04 12:00,71.45,49.17,85.0,-80.2,19.5,0.103,1,1,1,1,1,1
2026-01-04 16:00,28.89,54.07,77.2,-80.5,23.6,0.052,1,1,1,1,1,1
2026-01-04 20:00,0.54,51.06,70.4,-95.8,24.0,0.101,1,1,1,1,1,1
2026-01-05 00:00,2.12,45.53,65.1,-89.2,23.5,0.115,1,1,1,1,1,1
2026-01-05 04:00,4.52,50.91,81.7,-96.7,20.0,0.082,1,1,1,1,1,1
2026-01-05 08:00,25.0,42.06,80.6,-84.6,21.8,0.205,1,1,1,1,1,1
2026-01-05 12:00,70.5,54.73,71.6,-82.8,24.6,0.266,1,1,1,1,1,1
2026-01-05 16:00,24.82,56.33,74.2,-107.8,24.6,0.107,1,1,1,1,1,1
2026-01-05 20:00,3.21,47.99,84.6,-98.6,25.6,0.079,1,1,1,1,1,1
2026-01-06 00:00,3.64,46.27,77.1,-99.5,21.7,0.194,1,1,0,1,1,1
2026-01-06 04:00,3.71,53.41,72.3,-117.2,23.6,0.133,1,1,1,1,1,1
2026-01-06 08:00,26.02,45.91,67.5,-103.2,25.6,0.219,1,1,1,1,0,1
2026-01-06 12:00,78.6,51.6,78.1,-101.4,22.1,0.103,1,1,1,1,1,1
2026-01-06 16:00,27.55,46.7,81.4,-90.0,23.7,0.106,1,1,1,1,1,1
2026-01-06 20:00,2.07,52.6,68.9,-92.1,22.5,0.111,1,0,1,1,1,1
2026-01-07 00:00,0.88,59.16,75.4,-118.0,20.7,0.262,1,1,1,1,1,1
2026-01-07 04:00,4.46,52.25,79.4,-99.8,24.8,0.187,1,1,1,1,1,1
2026-01-07 08:00,28.44,50.43,77.5,-109.0,19.5,0.121,1,1,1,1,1,1
2026-01-07 12:00,84.13,41.28,73.2,-98.3,21.9,0.102,1,1,1,1,1,1
2026-01-07 16:00,25.87,40.12,72.0,-89.9,25.0,0.288,1,1,1,1,1,1
2026-01-07 20:00,2.18,40.58,71.7,-92.8,21.8,0.091,1,1,1,1,1,1
2026-01-08 00:00,0.14,52.85,67.7,-101.5,19.4,0.145,1,1,1,1,1,1
2026-01-08 04:00,1.26,41.64,65.4,-98.4,26.0,0.137,1,1,1,1,1,1
2026-01-08 08:00,23.47,43.05,67.5,-93.2,22.9,0.104,1,1,1,1,1,1
2026-01-08 12:00,86.39,59.29,67.2,-119.0,21.2,0.219,1,1,1,1,1,1
2026-01-08 16:00,24.01,55.45,82.0,-96.0,19.8,0.296,1,1,1,1,1,1
2026-01-08 20:00,4.25,56.45,67.1,-81.6,23.4,0.257,1,1,1,1,1,1
2026-01-09 00:00,2.69,49.67,73.7,-90.8,20.9,0.263,1,1,1,1,1,1
2026-01-09 04:00,1.89,40.57,82.0,-112.7,20.5,0.249,1,1,1,1,1,1
2026-01-09 08:00,980.0,54.4,74.8,-89.7,23.8,0.211,1,1,1,1,1,1
2026-01-09 12:00,81.63,49.47,75.6,-103.0,24.2,0.133,1,1,1,1,1,1
2026-01-09 16:00,26.91,55.24,68.7,-111.3,22.4,0.231,1,1,1,1,1,1
2026-01-09 20:00,0.9,40.28,75.7,-109.0,25.8,0.188,1,1,1,1,1,1
2026-01-10 00:00,2.35,48.81,68.7,-117.9,25.6,0.169,1,1,1,1,1,1
2026-01-10 04:00,2.81,46.08,84.9,-115.3,24.4,0.202,1,1,1,1,1,1
2026-01-10 08:00,29.93,46.11,77.4,-95.6,24.2,0.287,1,1,1,1,1,1
2026-01-10 12:00,70.05,49.01,76.9,-108.3,20.6,0.227,1,1,1,1,1,1
2026-01-10 16:00,27.74,58.67,73.5,-98.2,23.5,0.277,1,1,1,1,1,1
2026-01-10 20:00,1.44,42.49,78.8,-92.0,25.6,0.175,1,1,1,1,1,1
2026-01-11 00:00,0.46,59.24,81.7,-97.0,25.7,0.3,1,1,1,1,1,1
2026-01-11 04:00,4.58,43.63,76.7,-94.6,22.4,0.073,1,1,1,1,1,1
2026-01-11 08:00,25.25,58.9,81.3,-98.0,22.2,0.129,1,1,1,1,1,1
2026-01-11 12:00,80.85,48.26,68.8,-105.5,24.3,0.206,1,1,1,1,1,1
2026-01-11 16:00,24.14,59.46,77.2,-110.4,20.1,0.188,1,1,1,1,1,1
2026-01-11 20:00,4.16,49.97,79.3,-99.6,20.9,0.259,1,1,1,1,1,1
2026-01-12 00:00,4.4,57.28,70.5,-88.4,21.9,0.284,1,1,1,1,1,1
2026-01-12 04:00,2.45,42.97,75.8,-106.2,22.9,0.186,1,1,1,1,1,1
2026-01-12 08:00,28.5,40.87,79.9,-91.8,24.7,0.147,1,1,1,1,1,1
2026-01-12 12:00,81.8,57.39,82.5,-102.4,22.7,0.164,1,1,1,1,1,1
2026-01-12 16:00,25.59,53.85,78.0,-85.9,25.0,0.265,1,1,1,1,1,1
2026-01-12 20:00,0.34,52.62,83.4,-80.1,24.2,0.158,1,1,1,1,1,1
2026-01-13 00:00,0.23,55.92,70.9,-105.0,20.0,0.183,1,1,1,1,1,1
2026-01-13 04:00,1.2,58.26,67.9,-101.6,20.8,0.114,1,1,1,1,1,1
2026-01-13 08:00,25.64,51.75,77.8,-103.0,20.8,0.261,1,1,1,1,1,1
2026-01-13 12:00,89.85,45.9,84.6,-93.7,20.9,0.191,1,1,1,1,1,1
2026-01-13 16:00,25.24,55.98,77.1,-105.9,23.5,0.205,1,1,1,1,1,1
2026-01-13 20:00,3.23,46.18,73.8,-96.8,24.1,0.073,1,1,1,1,1,1
2026-01-14 00:00,2.65,58.27,81.6,-109.7,24.8,0.17,1,1,1,1,1,1
2026-01-14 04:00,4.83,57.2,79.5,-80.8,25.8,0.251,1,1,1,1,1,1
2026-01-14 08:00,27.82,51.69,81.4,-82.4,19.8,0.108,1,1,1,1,1,1
2026-01-14 12:00,86.48,58.19,71.0,-103.7,20.0,0.287,1,1,1,1,1,1
2026-01-14 16:00,27.8,54.86,83.9,-103.2,24.2,0.089,1,1,1,1,1,1
2026-01-14 20:00,1.85,48.87,84.0,-85.8,19.7,0.221,1,1,1,1,1,1
2026-01-15 00:00,4.24,49.09,78.3,-94.3,23.2,0.055,1,1,1,1,1,1
2026-01-15 04:00,1.04,44.32,82.4,-106.9,20.0,0.275,0,1,1,1,1,1
2026-01-15 08:00,27.74,40.52,65.3,-88.4,20.7,0.131,1,1,1,1,1,1
2026-01-15 12:00,85.56,50.26,67.2,-99.8,25.6,0.061,1,1,1,1,1,1
2026-01-15 16:00,26.53,48.03,78.7,-100.4,25.4,0.068,1,1,1,1,1,1
2026-01-15 20:00,1.63,59.89,75.6,-101.9,23.2,0.075,1,1,1,1,1,1
2026-01-16 00:00,2.26,44.57,71.8,-101.9,21.9,0.074,1,1,1,1,1,1
2026-01-16 04:00,4.16,41.86,66.9,-90.4,24.7,0.189,1,1,1,1,1,1
2026-01-16 08:00,28.34,57.36,79.4,-81.3,23.2,0.138,1,1,1,1,1,1
2026-01-16 12:00,77.35,55.25,76.5,-87.7,24.9,0.294,1,1,1,1,1,1
2026-01-16 16:00,25.12,43.61,79.1,-107.6,21.4,0.052,1,1,1,1,1,1
2026-01-16 20:00,3.73,44.3,73.4,-106.4,21.6,0.23,1,1,1,1,1,1
2026-01-17 00:00,3.37,45.44,78.2,-100.6,22.1,0.118,1,1,1,1,1,1
2026-01-17 04:00,3.34,40.91,72.9,-96.0,19.1,0.125,1,1,1,1,1,1
2026-01-17 08:00,24.5,47.6,79.1,-100.0,24.8,0.252,1,1,1,1,1,1
2026-01-17 12:00,81.52,51.47,79.2,-103.3,19.8,0.055,1,1,1,1,1,1
2026-01-17 16:00,28.96,44.87,76.8,-99.0,21.8,0.128,1,1,1,1,1,1
2026-01-17 20:00,4.53,46.99,79.5,-87.2,24.7,0.109,1,1,1,1,1,1
2026-01-18 00:00,3.86,49.88,80.1,-89.6,22.1,0.281,1,1,1,1,1,1
2026-01-18 04:00,0.34,48.84,71.1,-109.0,19.4,0.177,1,1,1,1,1,1
2026-01-18 08:00,29.04,52.3,75.1,-101.5,22.9,0.248,1,1,1,1,1,1
2026-01-18 12:00,73.02,41.24,67.1,-84.0,21.4,0.229,1,1,1,1,1,1
2026-01-18 16:00,24.39,47.46,70.7,-103.6,21.4,0.199,1,1,1,1,1,1
2026-01-18 20:00,3.62,53.13,83.1,-85.1,21.3,0.196,1,1,1,1,1,1
2026-01-19 00:00,4.69,46.19,72.5,-88.3,24.7,0.218,1,1,1,1,1,1
2026-01-19 04:00,1.81,47.25,68.6,-111.4,25.6,0.172,1,1,1,1,1,1
2026-01-19 08:00,28.9,57.67,65.8,-106.5,24.4,0.083,1,1,1,1,1,1
2026-01-19 12:00,78.75,48.22,78.5,-110.5,22.1,0.121,1,1,1,1,1,1
2026-01-19 16:00,28.9,47.36,83.9,-80.6,22.2,0.12,1,1,1,1,1,1
2026-01-19 20:00,1.25,52.82,82.5,-97.8,19.7,0.261,1,1,1,1,1,1
2026-01-20 00:00,2.19,58.93,69.4,-102.0,21.4,0.057,1,1,1,1,1,1
2026-01-20 04:00,4.65,56.78,78.0,-88.3,20.0,0.122,1,1,1,1,1,0
2026-01-20 08:00,23.86,45.12,81.7,-98.0,24.1,0.182,1,1,1,1,1,1
2026-01-20 12:00,79.14,42.22,83.1,-96.1,19.1,0.179,1,1,1,1,1,1
2026-01-20 16:00,27.76,41.71,84.5,-117.3,22.7,0.177,1,1,1,1,1,1
2026-01-20 20:00,1.27,40.32,80.8,-106.2,24.1,0.207,1,1,1,1,1,1
2026-01-21 00:00,0.88,55.58,74.3,-92.2,23.4,0.253,1,1,1,1,1,1
2026-01-21 04:00,0.21,58.67,75.3,-80.4,22.8,0.113,1,1,1,1,1,1
2026-01-21 08:00,24.16,47.36,82.8,-90.3,25.3,0.147,1,1,1,1,1,1
2026-01-21 12:00,84.54,41.58,77.0,-87.1,22.8,0.13,1,1,1,1,1,1
2026-01-21 16:00,25.68,40.85,82.4,-105.9,26.0,0.119,1,1,1,1,1,1
2026-01-21 20:00,3.4,59.06,67.9,-95.7,24.5,0.059,1,1,1,1,1,1
2026-01-22 00:00,3.4,58.98,72.4,-89.5,23.0,0.182,1,1,1,1,1,1
2026-01-22 04:00,1.93,51.23,70.2,-109.6,22.1,0.299,1,1,1,1,1,1
2026-01-22 08:00,29.32,48.9,66.8,-92.7,24.9,0.13,1,1,1,1,1,1
2026-01-22 12:00,88.55,52.75,80.9,-99.6,19.8,0.1,1,1,1,1,1,1
2026-01-22 16:00,27.01,52.24,66.7,-107.6,26.0,0.23,1,1,1,1,1,1
2026-01-22 20:00,2.25,53.6,71.9,-84.9,24.5,0.21,1,1,1,1,1,1
2026-01-23 00:00,0.77,43.29,71.5,-91.6,21.4,0.285,1,1,1,1,1,1
2026-01-23 04:00,1.51,50.67,75.1,-113.3,25.6,0.089,1,1,1,1,1,1
2026-01-23 08:00,23.52,40.91,77.8,-96.9,23.6,0.242,1,1,1,1,1,1
2026-01-23 12:00,79.66,56.09,78.7,-108.1,19.5,0.065,1,1,1,1,1,1
2026-01-23 16:00,28.23,57.22,84.5,-114.8,21.6,0.19,1,1,1,1,1,1
2026-01-23 20:00,1.92,52.31,70.0,-85.4,20.1,0.132,1,1,1,1,1,1
2026-01-24 00:00,1.54,40.46,83.9,-99.8,25.8,0.104,1,1,1,1,1,1
2026-01-24 04:00,2.68,56.94,73.6,-84.7,24.1,0.241,1,1,1,1,1,1
2026-01-24 08:00,26.7,55.29,70.6,-80.4,23.8,0.08,1,1,1,1,1,1
2026-01-24 12:00,73.98,50.18,75.0,-118.2,20.0,0.133,1,1,1,1,1,1
2026-01-24 16:00,24.42,59.81,79.8,-108.0,21.4,0.257,1,1,1,1,1,1
2026-01-24 20:00,4.9,51.67,80.9,-91.0,23.8,0.057,1,1,1,1,1,1
2026-01-25 00:00,2.92,43.41,77.6,-95.2,24.9,0.087,1,1,1,1,1,1
2026-01-25 04:00,0.76,53.81,73.2,-89.0,25.4,0.268,1,1,1,1,1,1
2026-01-25 08:00,26.84,46.28,68.5,-83.5,21.4,0.139,1,1,1,1,1,1
2026-01-25 12:00,74.93,51.16,69.5,-81.1,21.1,0.122,1,1,1,1,1,1
2026-01-25 16:00,25.16,42.44,78.5,-104.8,25.9,0.255,1,1,1,1,1,1
2026-01-25 20:00,2.21,45.13,74.6,-111.9,22.8,0.283,1,1,1,1,1,1
2026-01-26 00:00,2.66,52.76,66.0,-103.5,24.0,0.075,1,0,1,1,1,1
2026-01-26 04:00,4.39,49.55,69.0,-81.4,21.2,0.211,1,1,1,1,1,1
2026-01-26 08:00,29.42,43.5,82.6,-113.0,25.4,0.299,1,1,1,1,1,1
2026-01-26 12:00,70.19,51.36,67.1,-80.7,21.0,0.297,1,1,1,1,1,1
2026-01-26 16:00,24.08,43.25,74.2,-109.7,20.3,0.234,1,1,1,1,1,1
2026-01-26 20:00,4.13,50.31,66.7,-93.2,20.3,0.085,1,1,1,1,1,1
2026-01-27 00:00,1.51,54.46,65.2,-93.9,23.8,0.066,1,1,1,1,1,1
2026-01-27 04:00,1.55,42.35,83.3,-108.2,23.3,0.105,1,1,1,1,1,1
2026-01-27 08:00,26.47,50.75,78.3,-111.3,20.7,0.239,1,1,1,1,1,1
2026-01-27 12:00,71.24,50.95,75.1,-97.1,20.0,0.132,1,1,1,1,1,1
2026-01-27 16:00,28.72,49.07,75.3,-101.7,19.4,0.166,1,1,1,1,1,1
2026-01-27 20:00,0.23,46.89,66.3,-80.2,25.5,0.067,1,1,1,1,1,1
2026-01-28 00:00,3.23,48.41,84.9,-104.7,25.1,0.277,1,1,1,1,1,1
2026-01-28 04:00,0.89,50.75,75.6,-90.9,20.6,0.051,1,1,1,1,1,1
2026-01-28 08:00,24.98,46.92,70.5,-82.5,24.1,0.078,1,1,1,1,1,1
2026-01-28 12:00,72.02,40.67,77.0,-91.9,19.3,0.235,1,1,1,1,1,1
2026-01-28 16:00,25.26,56.32,79.6,-107.2,23.2,0.218,1,1,1,1,1,1
2026-01-28 20:00,0.3,58.97,82.6,-83.5,23.4,0.157,1,1,1,1,1,1
2026-01-29 00:00,2.08,42.98,72.5,-89.8,22.3,0.262,1,1,1,1,1,1
2026-01-29 04:00,2.79,42.68,69.9,-111.9,23.5,0.281,1,1,1,1,1,1
2026-01-29 08:00,27.35,57.47,68.8,-89.5,24.1,0.19,1,1,1,1,1,1
2026-01-29 12:00,89.24,42.35,85.0,-100.8,20.7,0.201,1,1,1,1,1,1
2026-01-29 16:00,25.73,45.23,75.3,-100.1,19.7,0.295,1,1,1,1,1,1
2026-01-29 20:00,1.11,42.92,70.2,-82.6,23.1,0.154,1,1,1,1,1,1
2026-01-30 00:00,3.42,45.15,81.4,-81.3,23.5,0.173,1,1,1,1,1,1
2026-01-30 04:00,2.71,52.84,66.2,-118.6,24.9,0.286,1,1,1,1,1,1
2026-01-30 08:00,23.39,50.11,72.5,-95.3,23.7,0.204,1,1,1,1,1,1
2026-01-30 12:00,75.49,59.55,65.3,-87.5,23.7,0.252,1,1,1,1,1,1
2026-01-30 16:00,28.77,45.35,72.9,-105.1,21.8,0.191,1,1,1,1,1,1
2026-01-30 20:00,3.8,41.87,72.6,-97.9,19.4,0.052,1,1,1,1,1,1
2026-01-31 00:00,0.48,50.56,65.9,-111.5,25.1,0.272,1,1,1,1,1,1
2026-01-31 04:00,0.16,58.58,71.3,-81.5,23.1,0.238,1,1,1,1,1,1
2026-01-31 08:00,25.93,57.93,71.6,-89.8,20.0,0.297,1,1,1,1,1,1
2026-01-31 12:00,76.81,55.38,84.1,-104.1,24.4,0.057,1,1,1,1,1,1
2026-01-31 16:00,27.86,53.21,66.7,-95.3,24.6,0.228,1,1,1,1,1,1
2026-01-31 20:00,0.53,40.1,71.2,-105.6,20.9,0.083,1,1,1,1,1,1
2026-02-01 00:00,0.47,51.96,66.5,-114.6,21.0,0.197,1,1,1,1,1,1
2026-02-01 04:00,1.9,42.78,66.0,-110.3,19.4,0.209,1,1,1,1,1,1
2026-02-01 08:00,25.63,43.91,62.1,-117.8,25.6,0.183,1,1,1,1,1,1
2026-02-01 12:00,84.48,42.72,66.4,-92.1,20.4,0.179,1,1,1,1,1,1
2026-02-01 16:00,23.28,47.52,76.3,-114.3,19.8,0.241,1,1,1,1,1,1
2026-02-01 20:00,3.54,48.77,65.8,-102.3,24.7,0.299,1,1,1,1,1,1
2026-02-02 00:00,3.95,41.48,79.8,-110.8,21.8,0.227,1,1,1,1,1,1
2026-02-02 04:00,2.68,52.76,61.7,-99.2,23.6,0.189,1,1,1,1,1,1
2026-02-02 08:00,28.1,48.61,60.2,-119.7,22.6,0.23,1,1,1,1,1,1
2026-02-02 12:00,75.01,46.9,60.5,-125.8,21.9,0.34,1,1,1,1,1,1
2026-02-02 16:00,24.89,49.52,68.8,-102.1,21.2,0.175,1,1,1,1,1,1
2026-02-02 20:00,4.92,44.88,63.5,-123.6,22.9,0.34,1,1,1,1,1,1
2026-02-03 00:00,3.07,43.95,71.8,-114.4,23.9,0.151,1,1,1,1,1,1
2026-02-03 04:00,1.63,49.15,65.2,-95.5,22.7,0.26,1,1,1,1,1,1
2026-02-03 08:00,27.09,54.12,65.9,-105.4,19.6,0.133,1,1,1,1,1,1
2026-02-03 12:00,67.76,47.67,63.7,-104.6,23.9,0.261,1,1,1,1,1,1
2026-02-03 16:00,22.02,47.18,60.2,-124.5,24.7,0.341,1,1,1,1,1,1
2026-02-03 20:00,0.41,40.62,75.2,-118.3,20.9,0.234,1,1,1,1,1,1
2026-02-04 00:00,0.57,55.5,76.5,-115.3,24.8,0.11,1,1,1,1,1,1
2026-02-04 04:00,1.49,59.99,69.0,-116.1,24.7,0.21,1,1,1,1,1,1
2026-02-04 08:00,26.41,52.66,63.3,-124.4,20.4,0.152,1,1,1,1,1,1
2026-02-04 12:00,70.79,45.35,77.2,-90.6,23.8,0.124,1,1,1,1,1,1
2026-02-04 16:00,27.44,44.99,74.2,-96.9,24.3,0.269,1,1,1,1,1,1
2026-02-04 20:00,4.4,41.86,70.3,-118.9,25.6,0.192,1,1,0,1,1,1
2026-02-05 00:00,2.29,53.28,67.2,-127.5,22.7,0.154,1,1,1,1,1,1
2026-02-05 04:00,2.83,49.71,66.9,-102.7,19.3,0.125,1,1,1,1,1,0
2026-02-05 08:00,28.05,44.05,73.8,-124.7,23.5,0.14,1,1,1,1,1,1
2026-02-05 12:00,68.31,47.93,66.1,-102.0,20.6,0.264,1,0,1,1,1,1
2026-02-05 16:00,21.73,53.91,76.3,-90.5,22.0,0.133,1,1,1,1,1,1
2026-02-05 20:00,0.69,55.47,75.1,-124.7,26.0,0.136,1,1,1,1,1,1
2026-02-06 00:00,0.76,48.23,73.7,-95.6,19.6,0.125,1,1,1,1,1,1
2026-02-06 04:00,1.38,41.68,71.1,-106.0,23.3,0.295,1,1,1,1,1,1
2026-02-06 08:00,26.65,45.91,61.1,-94.1,25.7,0.224,1,1,1,1,1,1
2026-02-06 12:00,83.68,42.64,77.2,-107.3,21.6,0.271,1,1,1,1,1,1
2026-02-06 16:00,21.93,41.21,75.8,-109.7,23.4,0.225,1,1,1,1,1,1
2026-02-06 20:00,1.55,50.23,64.1,-97.7,22.8,0.198,1,1,1,1,1,1
2026-02-07 00:00,4.23,41.16,61.7,-112.6,22.2,0.252,1,1,1,1,1,1
2026-02-07 04:00,0.82,59.06,70.5,-98.7,24.0,0.142,1,1,1,1,1,1
2026-02-07 08:00,27.05,45.44,61.3,-101.5,23.0,0.119,1,1,1,1,1,1
2026-02-07 12:00,67.06,51.48,74.5,-120.9,22.6,0.111,1,1,1,1,1,1
2026-02-07 16:00,27.38,51.06,78.3,-100.4,21.9,0.18,1,1,1,1,1,1
2026-02-07 20:00,4.51,43.59,76.1,-90.7,25.7,0.117,1,1,1,1,1,1
2026-02-08 00:00,1.0,51.28,66.1,-105.1,22.2,0.248,1,1,1,1,1,1
2026-02-08 04:00,0.03,48.2,64.7,-116.1,24.9,0.319,1,0,1,1,1,1
2026-02-08 08:00,25.2,44.76,69.8,-127.6,26.0,0.278,1,1,1,1,1,1
2026-02-08 12:00,84.49,41.7,61.9,-124.7,24.7,0.119,1,1,1,1,1,1
2026-02-08 16:00,27.01,54.01,74.7,-117.3,20.9,0.119,1,1,1,1,1,1
2026-02-08 20:00,2.03,50.72,79.3,-121.7,21.2,0.166,1,1,1,1,1,1
2026-02-09 00:00,4.18,46.56,61.8,-120.1,21.5,0.228,1,1,1,1,1,1
2026-02-09 04:00,3.74,45.0,69.2,-97.8,20.0,0.103,1,1,1,1,1,1
2026-02-09 08:00,25.96,51.65,65.2,-97.5,19.2,0.116,1,1,1,1,1,1
2026-02-09 12:00,65.85,49.22,63.4,-107.0,24.8,0.199,1,1,1,1,1,1
2026-02-09 16:00,27.56,40.69,72.4,-120.2,21.1,0.203,1,1,1,1,1,1
2026-02-09 20:00,2.63,52.62,76.0,-98.2,25.9,0.295,1,1,1,1,1,1
2026-02-10 00:00,0.9,46.38,64.4,-94.2,24.4,0.115,1,1,1,1,1,1
2026-02-10 04:00,3.28,45.33,76.3,-93.3,19.4,0.349,1,1,1,1,1,1
2026-02-10 08:00,22.84,51.85,76.1,-102.1,25.4,0.107,1,1,1,1,1,1
2026-02-10 12:00,82.63,49.84,66.2,-110.4,19.6,0.158,1,1,0,1,1,1
2026-02-10 16:00,26.45,58.38,76.9,-117.1,19.2,0.247,1,1,1,1,1,1
2026-02-10 20:00,4.71,47.91,62.0,-117.9,20.0,0.139,1,1,1,1,1,1
2026-02-11 00:00,3.47,58.58,75.7,-121.1,23.1,0.144,1,1,1,1,1,1
2026-02-11 04:00,1.96,59.89,79.3,-128.7,23.2,0.33,1,1,1,1,1,1
2026-02-11 08:00,23.25,59.65,63.4,-94.6,19.6,0.277,1,1,1,1,1,1
2026-02-11 12:00,70.13,42.16,60.0,-114.6,24.1,0.342,1,1,1,1,1,1
2026-02-11 16:00,27.43,53.02,73.7,-123.5,19.5,0.311,1,1,1,1,1,1
2026-02-11 20:00,3.66,50.94,78.0,-126.3,23.2,0.253,1,1,1,1,1,1
2026-02-12 00:00,0.51,44.11,63.8,-102.1,24.1,0.282,1,1,1,1,1,1
2026-02-12 04:00,0.77,47.22,68.6,-118.2,23.6,0.25,1,1,1,1,1,1
2026-02-12 08:00,23.72,47.95,69.8,-103.6,19.6,0.236,1,1,1,1,1,1
2026-02-12 12:00,69.52,45.37,61.2,-99.9,23.7,0.121,1,1,1,1,1,1
2026-02-12 16:00,27.12,48.37,70.7,-95.3,22.3,0.32,1,1,1,1,1,1
2026-02-12 20:00,4.0,53.55,72.4,-125.2,24.3,0.143,1,1,1,1,1,1
2026-02-13 00:00,2.18,59.95,72.5,-96.6,20.8,0.328,1,1,1,1,1,1
2026-02-13 04:00,2.29,57.47,75.7,-105.1,22.7,0.205,1,1,1,1,1,1
2026-02-13 08:00,25.42,42.02,65.7,-108.6,21.4,0.203,1,1,1,1,1,1
2026-02-13 12:00,77.17,53.87,60.8,-94.4,21.3,0.159,1,1,1,1,1,1
2026-02-13 16:00,23.54,49.83,73.9,-126.1,25.1,0.134,1,1,1,1,1,1
2026-02-13 20:00,0.94,44.23,76.5,-100.4,24.3,0.317,1,1,1,1,1,1
2026-02-14 00:00,4.26,57.59,60.6,-122.3,24.8,0.309,1,1,1,1,1,1
2026-02-14 04:00,2.53,52.71,62.5,-128.8,21.6,0.249,1,1,1,1,1,1
2026-02-14 08:00,26.66,53.78,65.7,-114.5,20.1,0.243,1,1,1,1,1,1
2026-02-14 12:00,65.4,55.61,75.4,-129.6,25.4,0.262,1,1,1,1,1,1
2026-02-14 16:00,25.95,48.48,67.5,-116.1,20.8,0.217,1,1,1,1,1,1
2026-02-14 20:00,4.22,47.48,72.9,-105.6,21.1,0.127,1,1,1,1,1,1
2026-02-15 00:00,4.46,45.98,63.0,-99.4,25.3,0.301,1,1,1,1,1,1
2026-02-15 04:00,4.99,45.19,68.4,-114.5,19.2,0.277,1,1,1,1,1,1
2026-02-15 08:00,27.71,53.44,70.1,-96.2,24.9,0.319,1,1,1,1,1,1
2026-02-15 12:00,68.66,53.59,66.7,-126.4,21.5,0.286,1,1,1,1,1,1
2026-02-15 16:00,24.8,57.33,71.7,-92.2,19.5,0.322,1,1,1,1,1,1
2026-02-15 20:00,0.69,44.01,68.2,-107.2,25.3,0.214,1,1,1,1,1,1
2026-02-16 00:00,3.17,40.09,65.5,-99.6,20.2,0.291,1,1,1,1,1,1
2026-02-16 04:00,4.83,47.67,60.8,-122.0,21.6,0.104,1,1,1,1,1,1
2026-02-16 08:00,26.29,46.89,62.6,-114.7,23.1,0.142,1,1,1,1,1,1
2026-02-16 12:00,82.76,59.91,66.9,-93.9,21.5,0.147,1,1,1,1,1,1
2026-02-16 16:00,26.56,51.79,63.4,-115.3,23.6,0.109,1,1,1,1,1,1
2026-02-16 20:00,3.27,40.39,73.8,-113.3,21.7,0.237,1,1,1,1,1,1
2026-02-17 00:00,3.31,45.4,72.1,-124.5,24.8,0.126,1,1,1,1,1,1
2026-02-17 04:00,1.31,50.46,64.0,-101.9,21.1,0.11,1,1,1,1,0,1
2026-02-17 08:00,27.71,56.7,73.4,-124.0,19.6,0.228,1,1,1,1,1,1
2026-02-17 12:00,74.29,42.0,63.5,-128.4,21.0,0.3,1,1,1,1,1,1
2026-02-17 16:00,26.09,43.41,67.2,-112.5,23.4,0.32,1,1,1,1,1,1
2026-02-17 20:00,1.93,57.01,76.0,-104.0,24.6,0.128,1,1,1,1,1,1
2026-02-18 00:00,4.01,53.57,63.6,-114.8,21.5,0.107,1,1,1,1,1,1
2026-02-18 04:00,2.06,40.92,65.2,-117.4,23.9,0.269,1,1,1,1,1,1
2026-02-18 08:00,25.15,54.01,61.9,-103.5,20.7,0.186,1,1,1,1,1,1
2026-02-18 12:00,77.87,43.14,77.0,-95.9,25.1,0.119,1,1,1,1,1,1
2026-02-18 16:00,24.36,44.7,69.2,-97.9,22.1,0.314,1,1,1,1,1,1
2026-02-18 20:00,2.79,40.0,61.8,-105.8,23.3,0.176,1,1,1,1,1,1
2026-02-19 00:00,1.11,49.09,71.2,-105.2,22.3,0.264,1,1,1,1,1,1
2026-02-19 04:00,4.82,45.84,70.4,-101.9,19.3,0.141,1,1,1,1,1,1
2026-02-19 08:00,27.87,47.86,69.1,-98.7,24.0,0.127,1,1,1,1,1,1
2026-02-19 12:00,78.17,59.12,62.7,-110.0,22.7,0.112,1,1,1,1,1,1
2026-02-19 16:00,25.52,54.61,62.6,-114.5,23.2,0.321,1,1,1,1,1,1
2026-02-19 20:00,4.82,59.41,69.1,-124.7,21.9,0.275,1,1,1,1,1,1
2026-02-20 00:00,3.16,44.02,72.5,-118.4,21.4,0.268,1,1,1,1,1,1
2026-02-20 04:00,0.58,47.04,69.6,-107.2,23.7,0.204,1,1,1,1,1,1
2026-02-20 08:00,21.84,42.91,73.4,-122.0,24.3,0.14,1,1,1,1,1,1
2026-02-20 12:00,65.65,56.28,62.0,-95.3,24.2,0.316,1,1,1,1,1,1
2026-02-20 16:00,26.1,58.53,67.8,-91.7,25.8,0.178,1,1,1,1,1,1
2026-02-20 20:00,4.15,58.23,74.1,-104.1,24.3,0.237,1,1,1,1,1,1
2026-02-21 00:00,0.93,43.48,70.3,-114.9,22.0,0.239,1,1,1,1,1,1
2026-02-21 04:00,0.77,46.45,61.0,-92.7,23.3,0.265,1,1,1,1,1,1
2026-02-21 08:00,22.89,41.36,70.1,-113.4,22.8,0.123,1,1,1,1,1,1
2026-02-21 12:00,75.61,59.93,76.5,-90.8,19.1,0.267,1,1,1,1,1,1
2026-02-21 16:00,23.81,58.32,78.9,-114.6,22.8,0.171,1,1,1,1,1,1
2026-02-21 20:00,4.49,43.85,70.3,-92.1,20.2,0.339,1,1,1,1,1,1
2026-02-22 00:00,2.12,42.08,70.8,-101.9,25.8,0.294,1,1,1,1,1,1
2026-02-22 04:00,0.44,41.09,75.9,-107.7,23.0,0.157,1,1,1,1,1,1
2026-02-22 08:00,25.23,52.83,72.4,-99.8,23.1,0.275,1,1,1,1,1,1
2026-02-22 12:00,80.31,48.75,67.9,-103.6,22.3,0.233,1,1,1,1,1,1
2026-02-22 16:00,26.18,58.28,75.9,-100.8,21.6,0.337,1,1,1,0,1,1
2026-02-22 20:00,4.73,46.09,75.0,-93.9,21.4,0.203,1,1,1,1,1,1
2026-02-23 00:00,0.91,55.99,77.0,-95.9,25.5,0.349,1,1,1,1,1,1
2026-02-23 04:00,2.44,46.62,62.6,-103.8,19.7,0.255,1,1,1,1,1,1
2026-02-23 08:00,25.44,47.29,66.3,-112.9,19.0,0.162,1,1,1,1,1,1
2026-02-23 12:00,82.56,49.26,67.2,-117.8,22.9,0.144,1,1,1,1,1,1
2026-02-23 16:00,27.58,41.53,61.5,-129.3,22.6,0.108,1,1,1,1,1,1
2026-02-23 20:00,4.99,49.44,75.5,-115.4,20.6,0.293,1,1,1,1,1,1
2026-02-24 00:00,3.31,56.96,76.1,-105.4,20.2,0.229,1,1,1,1,1,1
2026-02-24 04:00,2.42,47.18,64.4,-110.5,19.4,0.192,1,1,1,1,1,1
2026-02-24 08:00,21.98,59.61,66.5,-101.9,22.6,0.307,1,1,1,1,1,1
2026-02-24 12:00,78.07,56.71,70.3,-114.9,25.4,0.229,1,1,1,1,1,1
2026-02-24 16:00,22.59,43.31,61.5,-104.3,20.5,0.147,1,1,1,1,1,1
2026-02-24 20:00,2.41,49.58,64.2,-123.6,24.8,0.106,1,1,1,1,1,1
2026-02-25 00:00,0.28,45.17,63.6,-91.7,23.2,0.241,1,1,1,1,1,1
2026-02-25 04:00,4.96,57.35,63.4,-96.8,23.2,0.299,1,1,1,1,1,1
2026-02-25 08:00,24.69,51.81,64.6,-114.6,19.8,0.151,1,1,1,1,1,1
2026-02-25 12:00,77.29,40.78,75.7,-109.9,19.8,0.221,1,1,1,1,1,1
2026-02-25 16:00,25.15,47.41,60.9,-108.8,20.6,0.301,1,1,1,1,1,1
2026-02-25 20:00,0.49,42.68,69.5,-120.7,25.0,0.171,1,1,1,1,1,1
2026-02-26 00:00,0.59,40.14,73.1,-102.5,21.2,0.191,1,1,1,1,1,1
2026-02-26 04:00,1.38,53.61,75.1,-113.5,24.5,0.221,1,1,1,1,1,1
2026-02-26 08:00,26.57,57.1,73.2,-100.1,22.1,0.275,1,1,1,1,1,1
2026-02-26 12:00,79.14,43.21,79.3,-129.8,19.6,0.136,1,1,1,1,1,1
2026-02-26 16:00,24.23,59.69,72.3,-109.2,24.0,0.249,1,1,1,1,1,1
2026-02-26 20:00,4.02,45.72,60.7,-106.0,22.6,0.158,1,1,1,0,1,1
2026-02-27 00:00,3.9,47.06,67.9,-106.6,22.6,0.284,1,1,1,1,1,1
2026-02-27 04:00,4.82,45.53,72.1,-122.2,25.5,0.244,1,1,1,1,1,1
2026-02-27 08:00,27.02,59.13,77.5,-97.5,23.0,0.274,1,1,1,1,1,1
2026-02-27 12:00,74.21,51.74,60.5,-125.3,19.5,0.258,1,1,1,1,1,1
2026-02-27 16:00,21.73,56.64,65.0,-126.3,23.7,0.305,1,1,1,1,1,1
2026-02-27 20:00,4.74,53.66,78.2,-110.0,20.4,0.284,1,1,1,1,1,1
2026-02-28 00:00,0.53,58.4,73.5,-103.5,23.3,0.291,1,1,1,1,1,1
2026-02-28 04:00,4.48,57.38,69.8,-90.6,25.4,0.17,1,1,1,1,1,1
2026-02-28 08:00,25.02,47.87,73.7,-123.0,25.8,0.275,1,1,1,1,1,1
2026-02-28 12:00,77.26,45.19,71.0,-120.5,22.3,0.253,1,1,1,1,1,1
2026-02-28 16:00,23.53,43.6,62.6,-107.0,20.6,0.125,1,1,1,1,1,1
2026-02-28 20:00,0.75,56.11,63.5,-110.0,26.0,0.312,1,1,1,1,1,1
2026-03-01 00:00,1.99,53.81,59.2,-107.4,22.3,0.289,1,1,1,1,1,1
2026-03-01 04:00,0.1,42.42,75.3,-101.5,20.4,0.273,1,1,1,1,1,1
2026-03-01 08:00,24.91,57.79,65.6,-128.5,23.4,0.143,1,1,1,1,1,1
2026-03-01 12:00,61.43,43.24,62.6,-127.3,21.0,0.18,1,1,1,1,1,1
2026-03-01 16:00,26.44,48.28,61.7,-139.1,24.1,0.299,1,1,1,1,1,1
2026-03-01 20:00,4.39,50.97,58.5,-124.1,24.4,0.125,1,1,1,1,1,1
2026-03-02 00:00,1.42,52.53,60.6,-106.5,19.2,0.299,1,1,1,1,1,1
2026-03-02 04:00,2.22,59.39,72.0,-132.9,23.2,0.289,1,1,1,1,1,1
2026-03-02 08:00,23.6,56.09,66.8,-125.4,20.8,0.191,0,1,1,1,1,1
2026-03-02 12:00,78.44,58.94,67.5,-139.6,22.0,0.188,1,1,1,1,1,1
2026-03-02 16:00,21.09,54.74,65.8,-124.9,20.8,0.227,1,1,1,1,1,1
2026-03-02 20:00,3.71,56.18,66.3,-105.9,20.3,0.187,1,1,1,1,1,1
2026-03-03 00:00,0.25,50.7,61.7,-135.9,20.9,0.315,1,1,1,1,1,1
2026-03-03 04:00,4.0,59.96,67.3,-108.3,21.3,0.353,1,1,1,1,1,1
2026-03-03 08:00,25.61,56.35,74.6,-135.1,24.4,0.175,1,1,1,1,1,1
2026-03-03 12:00,70.42,59.64,67.5,-112.7,21.2,0.197,1,1,1,1,1,1
2026-03-03 16:00,21.32,57.75,75.3,-131.3,19.8,0.29,1,1,1,1,1,1
2026-03-03 20:00,0.21,55.67,67.5,-116.2,21.6,0.127,1,1,1,1,1,1
2026-03-04 00:00,0.3,52.89,72.0,-108.3,19.9,0.17,1,1,1,1,1,1
2026-03-04 04:00,3.45,47.16,60.7,-104.1,22.4,0.231,1,1,1,1,1,1
2026-03-04 08:00,21.84,56.63,76.3,-117.8,19.5,0.147,1,1,1,0,1,1
2026-03-04 12:00,63.71,40.37,75.1,-109.0,20.7,0.316,1,1,1,1,1,1
2026-03-04 16:00,24.09,46.45,70.8,-135.6,22.7,0.12,1,1,1,1,1,1
2026-03-04 20:00,2.86,56.73,71.2,-119.0,23.9,0.177,1,1,1,1,1,1
2026-03-05 00:00,4.45,41.6,74.0,-137.6,22.9,0.381,1,1,1,1,1,1
2026-03-05 04:00,0.35,46.08,76.9,-101.6,19.7,0.318,1,1,1,1,1,1
2026-03-05 08:00,24.99,48.3,60.1,-114.5,21.5,0.238,1,1,1,1,1,1
2026-03-05 12:00,63.16,59.97,66.9,-125.9,21.2,0.397,1,1,1,1,1,1
2026-03-05 16:00,23.75,44.28,73.3,-103.0,20.8,0.388,1,1,1,1,1,1
2026-03-05 20:00,4.97,46.04,64.0,-131.1,25.0,0.107,1,1,1,1,1,1
2026-03-06 00:00,0.77,40.75,65.1,-134.5,21.6,0.275,1,1,1,1,1,1
2026-03-06 04:00,3.62,55.86,61.5,-107.0,23.8,0.273,1,1,1,1,1,1
2026-03-06 08:00,20.37,55.42,65.0,-107.3,21.9,0.36,1,1,1,1,1,1
2026-03-06 12:00,67.65,46.1,58.8,-118.4,20.0,0.251,1,1,1,1,1,1
2026-03-06 16:00,23.36,44.44,63.8,-124.2,19.9,0.125,1,1,1,1,1,1
2026-03-06 20:00,0.65,42.7,69.2,-120.5,23.6,0.159,1,1,1,1,1,1
2026-03-07 00:00,4.62,41.79,71.4,-123.1,21.4,0.196,1,1,1,1,1,1
2026-03-07 04:00,2.21,42.92,58.9,-107.3,20.4,0.212,1,1,1,1,1,1
2026-03-07 08:00,25.79,56.4,58.3,-112.2,19.8,0.235,1,1,1,1,1,1
2026-03-07 12:00,69.66,54.6,60.8,-112.0,19.1,0.275,1,1,1,1,1,1
2026-03-07 16:00,20.35,53.1,58.2,-124.5,20.9,0.356,1,1,1,1,1,1
2026-03-07 20:00,1.9,59.53,60.0,-127.4,25.1,0.259,1,1,1,1,1,1
2026-03-08 00:00,2.65,46.67,65.9,-133.7,21.4,0.206,1,1,1,1,1,1
2026-03-08 04:00,4.39,57.81,74.3,-138.8,22.9,0.184,1,1,1,1,1,1
2026-03-08 08:00,24.08,52.51,62.5,-130.4,20.1,0.391,1,1,1,1,1,1
2026-03-08 12:00,76.0,57.25,64.2,-111.8,22.7,0.141,1,1,1,1,1,1
2026-03-08 16:00,23.72,58.97,60.4,-127.3,25.2,0.318,1,1,1,1,1,1
2026-03-08 20:00,4.47,58.67,63.5,-108.8,19.7,0.155,1,1,1,1,1,1
2026-03-09 00:00,3.44,47.19,71.8,-120.9,22.5,0.281,1,1,1,1,1,1
2026-03-09 04:00,0.16,55.29,58.3,-129.2,21.9,0.323,1,1,1,1,1,1
2026-03-09 08:00,23.27,46.5,67.2,-130.1,21.8,0.113,1,1,1,1,1,1
2026-03-09 12:00,70.5,57.52,73.7,-119.2,22.2,0.348,1,1,1,1,1,1
2026-03-09 16:00,23.44,52.61,59.0,-128.4,21.8,0.191,1,1,1,1,1,1
2026-03-09 20:00,0.71,56.6,67.0,-111.1,19.8,0.334,1,1,1,1,1,1
2026-03-10 00:00,2.95,54.25,62.0,-121.8,20.8,0.308,1,1,1,1,1,1
2026-03-10 04:00,1.81,50.48,65.7,-108.4,22.6,0.385,1,1,1,1,1,1
2026-03-10 08:00,21.0,57.38,61.6,-111.5,21.9,0.193,1,1,1,1,1,1
2026-03-10 12:00,72.45,45.06,67.2,-105.8,22.8,0.102,1,1,1,1,1,1
2026-03-10 16:00,24.0,44.89,68.9,-115.2,22.9,0.348,1,1,1,1,1,1
2026-03-10 20:00,4.19,45.97,76.4,-138.0,21.9,0.153,1,1,1,1,1,1
2026-03-11 00:00,2.28,51.58,76.6,-136.3,21.1,0.211,1,1,1,1,1,1
2026-03-11 04:00,3.47,45.49,68.5,-119.0,23.9,0.284,1,1,1,1,1,1
2026-03-11 08:00,26.23,59.73,63.7,-115.6,21.2,0.258,1,1,1,1,1,1
2026-03-11 12:00,69.85,43.6,70.2,-111.7,25.9,0.1,1,1,1,1,1,1
2026-03-11 16:00,22.76,46.68,69.2,-114.5,19.1,0.16,1,1,1,1,1,1
2026-03-11 20:00,3.43,46.83,72.5,-115.4,19.2,0.153,1,1,1,1,1,1
2026-03-12 00:00,2.41,52.54,75.8,-118.5,21.3,0.335,1,1,1,1,1,1
2026-03-12 04:00,2.68,44.17,71.7,-108.0,25.2,0.206,1,1,1,1,1,1
2026-03-12 08:00,23.81,47.79,69.9,-105.4,24.3,0.312,1,1,1,1,1,1
2026-03-12 12:00,79.01,44.32,64.0,-135.5,24.5,0.333,1,1,1,1,1,1
2026-03-12 16:00,26.16,54.65,68.5,-109.0,20.0,0.362,1,1,1,1,1,1
2026-03-12 20:00,3.57,50.45,58.1,-102.7,23.8,0.278,1,1,1,1,1,1
2026-03-13 00:00,2.89,46.24,75.8,-127.2,20.3,0.183,1,1,1,1,1,1
2026-03-13 04:00,3.11,50.28,62.1,-126.0,21.2,0.142,1,1,1,1,1,1
2026-03-13 08:00,22.96,42.6,67.4,-113.0,19.7,0.116,1,1,1,1,1,1
2026-03-13 12:00,72.33,46.25,74.3,-111.5,23.7,0.26,1,1,1,1,1,1
2026-03-13 16:00,23.12,49.11,71.7,-111.6,22.3,0.17,1,1,1,1,1,1
2026-03-13 20:00,3.33,55.78,75.6,-121.9,19.2,0.243,1,1,1,1,1,1
2026-03-14 00:00,0.51,56.35,73.9,-127.0,23.5,0.338,1,1,1,1,1,1
2026-03-14 04:00,1.92,46.81,74.3,-116.4,24.5,0.231,1,1,1,1,1,1
2026-03-14 08:00,23.83,49.73,69.8,-121.5,22.9,0.347,1,1,1,1,1,1
2026-03-14 12:00,67.58,49.89,71.2,-136.4,24.7,0.366,1,1,0,1,1,1
2026-03-14 16:00,22.6,51.56,61.9,-112.7,21.2,0.271,1,1,1,1,1,1
2026-03-14 20:00,0.45,40.16,77.7,-123.8,19.9,0.188,1,1,1,1,1,1
2026-03-15 00:00,4.31,57.31,62.7,-111.9,21.8,0.195,1,1,1,1,1,1
2026-03-15 04:00,1.92,58.49,74.8,-133.8,26.0,0.301,1,1,1,1,1,1
2026-03-15 08:00,26.6,41.69,70.8,-123.4,22.2,0.337,1,1,1,1,1,1
2026-03-15 12:00,67.11,43.72,70.1,-116.9,24.9,0.171,1,1,1,1,1,1
2026-03-15 16:00,24.7,42.26,67.6,-112.4,20.0,0.319,1,1,1,1,1,1
2026-03-15 20:00,0.44,49.45,72.8,-101.6,19.5,0.29,1,1,1,1,1,1
2026-03-16 00:00,2.56,49.38,72.7,-123.2,25.7,0.339,1,1,1,1,1,1
2026-03-16 04:00,0.31,49.46,61.4,-137.9,25.9,0.343,1,1,1,1,1,1
2026-03-16 08:00,20.88,45.62,75.2,-139.4,19.8,0.152,1,1,1,1,1,1
2026-03-16 12:00,69.7,55.99,75.2,-126.3,19.6,0.144,1,1,1,1,1,1
2026-03-16 16:00,22.93,52.75,62.2,-110.6,21.4,0.293,1,1,1,1,1,1
2026-03-16 20:00,3.76,50.65,65.6,-111.8,22.3,0.144,1,1,1,1,1,1
2026-03-17 00:00,3.41,40.82,76.4,-114.5,25.7,0.23,1,1,1,1,1,1
2026-03-17 04:00,1.96,55.46,73.0,-110.6,23.1,0.158,1,1,1,1,1,1
2026-03-17 08:00,20.08,41.95,60.1,-122.2,20.5,0.185,1,1,1,1,1,1
2026-03-17 12:00,79.01,52.76,72.2,-135.2,25.0,0.139,1,1,1,1,1,1
2026-03-17 16:00,21.69,49.34,76.7,-114.4,25.5,0.183,1,1,1,1,1,1
2026-03-17 20:00,3.89,47.66,64.7,-137.6,25.7,0.179,1,1,1,1,1,1
2026-03-18 00:00,0.72,55.37,62.4,-114.3,25.4,0.315,1,1,1,1,1,1
2026-03-18 04:00,0.74,52.81,76.7,-113.4,20.9,0.31,1,1,1,1,1,1
2026-03-18 08:00,25.63,55.62,73.7,-118.4,19.0,0.386,1,1,1,1,1,1
2026-03-18 12:00,68.01,52.65,77.2,-136.4,22.7,0.388,1,1,1,1,1,1
2026-03-18 16:00,22.56,43.82,71.9,-104.1,23.4,0.208,1,1,1,1,1,1
2026-03-18 20:00,2.96,49.78,59.3,-118.4,21.2,0.26,1,1,1,1,1,1
2026-03-19 00:00,0.21,42.36,74.1,-113.3,22.2,0.303,1,1,1,1,1,1
2026-03-19 04:00,3.27,49.42,76.4,-138.2,23.9,0.139,1,1,1,1,1,1
2026-03-19 08:00,23.94,56.36,60.1,-120.1,24.6,0.166,1,1,1,1,1,1
2026-03-19 12:00,79.52,51.52,60.7,-106.5,24.6,0.329,1,1,1,1,1,1
2026-03-19 16:00,23.69,48.77,76.5,-138.4,19.7,0.354,1,1,1,1,1,1
2026-03-19 20:00,0.45,53.04,75.7,-123.4,24.7,0.332,1,1,1,1,1,1
2026-03-20 00:00,3.05,40.75,61.6,-120.0,25.7,0.288,1,1,0,1,1,1
2026-03-20 04:00,0.48,47.24,73.2,-118.4,20.5,0.331,1,1,1,1,1,1
2026-03-20 08:00,23.16,43.53,71.4,-138.3,23.5,0.186,1,1,1,1,1,1
2026-03-20 12:00,78.5,43.52,73.7,-120.6,19.8,0.369,1,1,1,1,1,1
2026-03-20 16:00,25.19,46.52,60.0,-110.5,25.1,0.213,1,1,1,1,1,1
2026-03-20 20:00,2.27,47.75,60.7,-111.2,23.4,0.393,1,1,1,1,1,1
2026-03-21 00:00,2.29,43.42,64.9,-104.5,23.2,0.337,1,1,1,1,1,1
2026-03-21 04:00,4.28,49.78,77.9,-116.3,24.9,0.184,1,1,1,1,1,1
2026-03-21 08:00,23.95,42.98,69.5,-139.8,25.9,0.112,1,1,1,1,1,1
2026-03-21 12:00,76.43,49.05,62.8,-117.7,19.1,0.32,1,1,1,1,1,1
2026-03-21 16:00,22.03,54.07,75.2,-110.1,19.2,0.236,1,1,1,1,1,1
2026-03-21 20:00,3.17,57.21,59.4,-104.3,21.3,0.11,1,1,1,1,1,1
2026-03-22 00:00,0.4,57.62,72.7,-137.8,25.6,0.302,1,1,1,1,1,1
2026-03-22 04:00,2.79,41.34,72.2,-131.8,25.9,0.172,1,1,1,1,1,1
2026-03-22 08:00,24.97,44.51,65.1,-129.3,23.8,0.183,1,1,1,1,1,1
2026-03-22 12:00,73.57,50.66,63.8,-115.2,24.6,0.384,1,1,1,1,1,1
2026-03-22 16:00,25.99,45.77,77.1,-135.6,20.9,0.309,1,1,1,1,1,1
2026-03-22 20:00,2.71,42.64,64.9,-122.2,23.5,0.187,1,1,1,1,1,1
2026-03-23 00:00,1.71,52.92,64.5,-116.3,23.9,0.353,1,1,1,1,1,1
2026-03-23 04:00,2.42,59.41,73.4,-138.1,21.5,0.237,1,1,1,1,1,1
2026-03-23 08:00,24.62,53.33,61.1,-130.5,19.3,0.195,1,1,1,1,1,1
2026-03-23 12:00,66.88,47.46,68.8,-133.5,21.1,0.376,1,1,1,1,1,0
2026-03-23 16:00,24.92,59.51,64.6,-111.8,22.3,0.187,1,1,1,1,1,1
2026-03-23 20:00,2.21,53.78,72.6,-104.0,20.0,0.265,1,1,1,1,1,1
2026-03-24 00:00,3.21,51.67,62.4,-102.6,20.9,0.107,1,1,1,1,1,1
2026-03-24 04:00,1.59,52.1,76.9,-103.7,21.5,0.144,1,1,1,1,1,1
2026-03-24 08:00,25.83,41.75,72.6,-122.2,25.9,0.341,1,1,1,1,1,1
2026-03-24 12:00,71.74,41.72,62.2,-121.0,25.1,0.396,1,1,1,1,1,1
2026-03-24 16:00,22.76,51.12,72.2,-109.8,20.0,0.156,1,1,1,1,1,1
2026-03-24 20:00,2.8,49.27,58.5,-139.9,20.8,0.387,1,1,1,1,1,1
2026-03-25 00:00,3.44,44.9,60.4,-128.9,26.0,0.12,1,1,1,1,1,1
2026-03-25 04:00,3.47,42.39,68.3,-117.0,24.9,0.149,1,1,1,1,1,1
2026-03-25 08:00,22.8,58.24,65.1,-128.4,22.7,0.381,1,1,1,1,1,1
2026-03-25 12:00,77.45,56.54,71.7,-128.0,23.8,0.307,1,1,1,1,1,1
2026-03-25 16:00,23.23,46.81,76.2,-135.9,20.1,0.166,1,1,1,1,1,1
2026-03-25 20:00,2.76,55.13,60.3,-121.6,19.5,0.346,1,1,1,1,1,1
2026-03-26 00:00,2.99,55.27,64.8,-111.6,19.2,0.344,1,1,1,1,1,1
2026-03-26 04:00,0.39,53.82,73.7,-136.9,24.4,0.327,1,1,1,1,1,1
2026-03-26 08:00,21.69,41.32,71.4,-109.8,24.5,0.376,1,1,1,1,1,1
2026-03-26 12:00,78.84,58.98,65.0,-133.6,22.5,0.319,1,1,1,1,1,1
2026-03-26 16:00,21.28,45.64,76.0,-118.5,25.8,0.13,1,1,1,1,1,1
2026-03-26 20:00,4.79,43.62,65.1,-124.8,20.5,0.168,1,1,1,1,1,1
2026-03-27 00:00,3.52,51.14,58.8,-126.9,19.8,0.185,1,1,1,1,1,1
2026-03-27 04:00,4.28,43.78,59.4,-106.4,22.3,0.304,1,1,1,1,1,1
2026-03-27 08:00,20.57,42.87,66.0,-116.4,19.7,0.378,1,1,1,1,1,1
2026-03-27 12:00,62.46,56.76,72.5,-128.9,24.0,0.275,1,1,1,1,1,1
2026-03-27 16:00,22.7,49.69,63.6,-109.3,19.8,0.175,1,1,1,1,1,1
2026-03-27 20:00,3.39,59.44,65.7,-112.8,20.1,0.287,1,1,1,1,1,1
2026-03-28 00:00,3.31,49.81,63.2,-126.3,25.0,0.264,1,1,1,1,1,1
2026-03-28 04:00,1.88,49.19,58.7,-117.7,25.0,0.191,1,1,1,1,1,1
2026-03-28 08:00,24.5,53.2,71.7,-117.1,22.3,0.356,1,1,1,1,1,1
2026-03-28 12:00,79.56,46.41,58.6,-138.2,24.9,0.205,1,1,1,1,1,1
2026-03-28 16:00,22.38,47.03,71.2,-130.1,23.5,0.278,1,1,1,1,1,1
2026-03-28 20:00,2.3,57.27,69.4,-103.9,20.9,0.309,1,1,1,1,1,1
2026-03-29 00:00,0.5,53.5,64.7,-119.9,24.4,0.202,1,1,1,1,1,1
2026-03-29 04:00,4.2,50.72,63.7,-138.1,26.0,0.221,1,1,1,1,1,1
2026-03-29 08:00,20.45,56.02,67.5,-131.6,24.6,0.295,1,1,1,1,1,1
2026-03-29 12:00,72.5,49.06,73.3,-132.8,19.1,0.311,1,1,1,1,1,1
2026-03-29 16:00,26.25,50.65,70.3,-109.2,22.0,0.27,1,1,1,1,1,1
2026-03-29 20:00,1.5,48.71,64.4,-106.8,19.5,0.161,1,1,1,1,1,1
2026-03-30 00:00,0.57,43.84,62.9,-106.9,22.2,0.268,1,1,1,1,1,1
2026-03-30 04:00,4.02,53.17,61.5,-105.9,25.7,0.246,1,1,1,1,1,1
2026-03-30 08:00,22.71,47.27,71.1,-136.4,25.6,0.317,1,1,1,1,1,1
2026-03-30 12:00,78.99,58.63,63.0,-104.6,20.7,0.137,1,1,1,1,1,1
2026-03-30 16:00,22.82,42.89,61.5,-101.2,22.1,0.176,1,1,1,1,1,1
2026-03-30 20:00,3.41,59.27,75.6,-102.5,21.5,0.315,1,1,1,1,1,1
2026-03-31 00:00,4.7,53.81,73.8,-130.4,22.9,0.193,1,1,1,1,1,1
2026-03-31 04:00,1.94,58.2,65.9,-100.9,20.8,0.127,1,1,1,1,1,1
2026-03-31 08:00,25.86,55.33,66.1,-138.6,25.1,0.347,1,1,1,1,1,1
2026-03-31 12:00,76.4,56.49,72.0,-119.7,21.5,0.281,1,1,1,1,1,1
2026-03-31 16:00,24.2,55.82,60.7,-124.0,23.4,0.194,1,1,1,1,1,1
2026-03-31 20:00,4.23,53.72,73.9,-127.2,22.3,0.321,1,1,1,1,1,1
2026-04-01 00:00,0.91,57.53,70.9,-114.6,20.6,0.434,1,1,1,1,1,1
2026-04-01 04:00,3.51,43.38,60.0,-132.8,20.8,0.177,1,1,1,1,1,1
2026-04-01 08:00,21.36,53.47,54.4,-121.5,20.3,0.409,1,1,1,1,1,1
2026-04-01 12:00,74.9,45.66,65.5,-133.3,21.9,0.194,1,1,1,1,1,1
2026-04-01 16:00,21.39,40.21,54.7,-137.1,23.9,0.356,1,1,1,1,1,1
2026-04-01 20:00,1.66,44.7,70.2,-110.1,25.6,0.44,1,1,1,1,1,1
2026-04-02 00:00,1.97,47.42,71.4,-127.6,23.1,0.228,1,1,1,1,1,1
2026-04-02 04:00,0.71,42.34,52.9,-144.9,25.1,0.4,1,1,1,1,1,1
2026-04-02 08:00,20.09,46.26,69.9,-137.4,26.0,0.379,1,1,1,1,1,1
2026-04-02 12:00,59.6,40.72,57.2,-121.8,22.1,0.449,1,1,1,1,1,1
2026-04-02 16:00,23.97,57.34,54.5,-146.3,25.1,0.204,1,1,1,1,1,1
2026-04-02 20:00,4.86,50.52,63.4,-133.3,19.5,0.38,1,1,1,1,1,1
2026-04-03 00:00,2.95,59.02,68.7,-143.8,19.6,0.399,1,1,1,1,0,1
2026-04-03 04:00,3.28,59.02,58.5,-120.7,24.1,0.437,1,1,1,1,1,1
2026-04-03 08:00,18.8,59.04,59.6,-134.0,20.2,0.44,1,1,1,1,1,1
2026-04-03 12:00,70.05,53.08,54.4,-130.4,22.0,0.392,1,1,1,1,1,1
2026-04-03 16:00,21.6,57.71,61.5,-127.5,22.0,0.377,1,1,1,1,1,1
2026-04-03 20:00,2.32,44.48,65.7,-143.8,22.5,0.339,1,1,1,1,1,1
2026-04-04 00:00,0.64,58.06,68.8,-129.1,21.1,0.164,1,1,1,1,1,1
2026-04-04 04:00,2.84,45.07,57.1,-146.7,22.5,0.184,1,1,1,1,1,1
2026-04-04 08:00,20.32,51.74,61.1,-123.2,23.4,0.23,1,1,1,1,1,1
2026-04-04 12:00,72.43,42.13,62.7,-149.8,19.8,0.202,1,1,1,1,1,1
2026-04-04 16:00,22.46,59.48,59.2,-123.0,23.8,0.268,1,1,1,1,1,1
2026-04-04 20:00,4.3,44.18,65.0,-124.0,22.1,0.338,1,1,1,1,1,1
2026-04-05 00:00,0.83,43.05,66.1,-111.4,22.3,0.408,1,1,1,1,1,1
2026-04-05 04:00,3.15,54.26,71.6,-116.1,24.2,0.329,1,1,1,1,1,1
2026-04-05 08:00,22.86,56.33,61.8,-121.4,22.7,0.277,1,1,1,1,1,1
2026-04-05 12:00,73.78,46.94,66.0,-149.2,21.0,0.208,1,1,1,1,1,1
2026-04-05 16:00,23.95,53.14,54.6,-138.3,24.0,0.438,1,1,1,1,1,1
2026-04-05 20:00,3.11,45.65,67.0,-123.3,19.9,0.21,1,1,1,1,1,1
2026-04-06 00:00,0.24,40.36,69.6,-135.7,20.1,0.398,1,1,1,1,1,1
2026-04-06 04:00,1.12,45.16,58.8,-135.8,19.3,0.413,1,1,1,1,1,1
2026-04-06 08:00,24.51,48.76,61.1,-116.3,19.8,0.182,1,1,1,1,1,1
2026-04-06 12:00,67.6,57.42,70.2,-143.7,21.0,0.282,1,1,1,1,1,1
2026-04-06 16:00,23.99,48.78,60.3,-119.2,20.7,0.393,1,1,1,1,1,1
2026-04-06 20:00,3.32,43.03,67.1,-133.1,20.6,0.391,1,1,1,1,1,1
2026-04-07 00:00,0.15,42.91,52.2,-117.8,25.6,0.175,1,1,1,1,1,1
2026-04-07 04:00,3.21,58.05,53.2,-124.7,24.0,0.348,1,1,1,1,1,1
2026-04-07 08:00,23.28,58.18,52.2,-138.8,22.7,0.426,1,1,1,1,1,1
2026-04-07 12:00,68.95,57.75,67.6,-133.8,20.4,0.24,1,1,1,1,1,1
2026-04-07 16:00,20.23,41.86,63.0,-129.1,24.3,0.198,1,1,1,1,1,1
2026-04-07 20:00,4.93,42.21,53.2,-135.1,23.4,0.256,1,1,1,1,1,1
2026-04-08 00:00,4.91,56.11,71.8,-127.4,25.3,0.338,1,1,1,1,1,1
2026-04-08 04:00,3.36,54.29,62.4,-140.1,21.3,0.325,1,1,1,1,1,1
2026-04-08 08:00,18.75,57.77,61.5,-132.2,21.6,0.308,1,1,1,1,1,1
2026-04-08 12:00,63.8,58.62,61.8,-111.1,24.8,0.193,1,1,1,1,1,1
2026-04-08 16:00,19.75,49.47,66.9,-112.2,21.6,0.436,1,1,1,1,1,1
2026-04-08 20:00,1.86,59.82,58.1,-130.6,24.5,0.193,1,1,1,1,1,1
2026-04-09 00:00,2.44,42.45,59.0,-115.2,21.9,0.322,1,1,1,1,1,1
2026-04-09 04:00,3.81,50.1,61.2,-132.0,22.1,0.41,1,1,1,1,1,1
2026-04-09 08:00,21.94,59.16,69.8,-120.6,23.5,0.41,1,1,1,1,1,1
2026-04-09 12:00,66.19,43.85,64.4,-126.9,19.4,0.321,1,1,1,1,1,1
2026-04-09 16:00,18.46,55.74,56.9,-121.8,25.2,0.283,1,1,1,1,1,1
2026-04-09 20:00,2.19,48.3,69.2,-137.3,20.8,0.184,1,1,1,1,1,1
2026-04-10 00:00,2.04,43.38,64.3,-137.0,19.2,0.168,1,1,1,1,1,1
2026-04-10 04:00,0.6,44.05,67.0,-126.6,22.5,0.376,1,1,1,1,1,1
2026-04-10 08:00,21.05,44.67,69.7,-139.2,25.7,0.353,1,1,1,1,1,1
2026-04-10 12:00,67.72,44.07,71.4,-135.1,25.9,0.385,1,1,1,1,0,1
2026-04-10 16:00,23.86,45.78,71.4,-150.0,25.5,0.295,1,1,1,1,1,1
2026-04-10 20:00,2.55,40.91,66.8,-127.5,21.1,0.269,1,1,1,1,1,1
2026-04-11 00:00,4.79,46.37,65.6,-136.3,20.8,0.376,1,1,1,1,1,1
2026-04-11 04:00,0.08,53.84,64.9,-149.9,22.3,0.42,1,1,1,1,1,1
2026-04-11 08:00,23.58,52.98,53.6,-148.8,24.8,0.351,1,1,1,1,1,1
2026-04-11 12:00,70.36,53.94,52.2,-131.5,25.6,0.283,1,1,1,1,1,1
2026-04-11 16:00,22.42,46.06,66.4,-140.6,22.5,0.259,1,1,1,1,1,1
2026-04-11 20:00,1.98,57.4,63.4,-130.2,22.9,0.348,1,1,1,1,1,1
2026-04-12 00:00,1.3,51.4,56.6,-129.1,24.5,0.208,1,1,1,1,1,1
2026-04-12 04:00,2.27,58.76,64.8,-112.3,19.4,0.432,1,1,1,1,1,1
2026-04-12 08:00,23.39,57.68,56.5,-138.9,21.9,0.285,0,1,1,1,1,1
2026-04-12 12:00,74.56,48.48,53.5,-140.0,20.2,0.243,1,1,1,1,1,1
2026-04-12 16:00,20.56,45.01,54.2,-140.5,21.4,0.166,1,1,1,1,1,1
2026-04-12 20:00,3.13,51.58,53.7,-147.6,19.2,0.244,1,1,1,1,1,1
2026-04-13 00:00,3.13,41.32,65.6,-127.6,21.1,0.264,1,1,1,1,1,1
2026-04-13 04:00,1.92,55.9,69.6,-125.2,21.4,0.431,1,1,1,1,1,1
2026-04-13 08:00,18.78,55.79,55.9,-127.1,23.5,0.227,1,1,1,1,1,1
2026-04-13 12:00,61.23,48.72,71.2,-119.8,21.2,0.416,1,1,1,1,1,1
2026-04-13 16:00,22.24,53.57,53.1,-129.7,24.8,0.408,1,1,1,1,1,1
2026-04-13 20:00,3.34,53.9,71.6,-126.0,21.3,0.324,1,1,1,1,1,1
2026-04-14 00:00,0.21,44.39,52.1,-141.1,20.6,0.337,1,1,1,1,1,1
2026-04-14 04:00,0.92,59.8,59.3,-147.1,19.2,0.185,1,1,1,1,1,1
2026-04-14 08:00,19.65,43.48,69.7,-121.2,21.4,0.316,1,1,1,1,1,1
2026-04-14 12:00,62.58,55.75,54.2,-112.6,21.1,0.222,1,1,1,1,1,1
2026-04-14 16:00,24.19,41.31,54.9,-113.0,24.6,0.208,1,1,1,1,1,1
2026-04-14 20:00,3.08,43.78,62.7,-118.4,21.3,0.166,1,1,1,1,1,1
2026-04-15 00:00,0.41,49.41,65.3,-147.4,22.6,0.375,1,1,1,1,1,1
2026-04-15 04:00,3.47,54.31,61.9,-139.3,21.8,0.426,1,1,1,1,1,1
2026-04-15 08:00,20.37,57.77,63.4,-112.6,21.6,0.315,1,1,1,1,1,1
2026-04-15 12:00,67.42,48.52,61.4,-133.6,24.6,0.245,1,1,1,1,1,1
2026-04-15 16:00,23.95,50.26,64.9,-118.6,25.5,0.18,1,1,1,1,1,1
2026-04-15 20:00,4.08,53.67,57.5,-121.8,26.0,0.45,1,1,1,1,1,1
2026-04-16 00:00,3.92,48.08,60.1,-126.8,23.6,0.292,1,1,1,1,1,1
2026-04-16 04:00,2.37,50.32,67.7,-119.7,24.1,0.288,1,1,1,1,1,1
2026-04-16 08:00,21.33,51.17,59.5,-126.9,19.9,0.433,1,1,1,1,1,1
2026-04-16 12:00,63.07,55.57,62.8,-137.0,19.2,0.386,1,1,1,1,1,1
2026-04-16 16:00,22.39,57.34,71.6,-141.8,21.7,0.31,1,1,1,1,1,1
2026-04-16 20:00,0.52,51.06,52.6,-122.4,22.4,0.206,1,1,1,1,1,1
2026-04-17 00:00,0.29,50.37,55.4,-115.6,21.9,0.197,1,1,1,1,1,1
2026-04-17 04:00,0.65,44.11,60.6,-121.6,22.3,0.331,1,1,1,1,1,1
2026-04-17 08:00,19.28,41.28,60.0,-117.7,22.7,0.423,1,1,1,1,1,1
2026-04-17 12:00,64.13,54.01,66.2,-138.1,23.3,0.393,1,1,1,1,1,1
2026-04-17 16:00,19.56,51.37,59.9,-112.2,20.7,0.411,1,1,1,1,1,1
2026-04-17 20:00,1.09,49.87,71.8,-127.9,26.0,0.173,1,1,1,1,1,1
2026-04-18 00:00,2.31,41.46,65.9,-120.0,21.7,0.374,1,1,1,1,1,1
2026-04-18 04:00,3.74,49.7,53.4,-128.1,20.7,0.435,1,1,1,1,1,1
2026-04-18 08:00,20.29,50.69,59.8,-146.9,24.3,0.353,1,1,1,1,1,1
2026-04-18 12:00,68.93,56.73,68.2,-124.4,24.0,0.419,1,1,1,0,1,1
2026-04-18 16:00,24.53,47.49,56.8,-146.3,22.0,0.447,1,1,1,1,1,1
2026-04-18 20:00,4.15,43.36,55.3,-133.4,19.8,0.248,1,1,1,1,1,1
2026-04-19 00:00,1.07,47.13,55.5,-133.9,21.2,0.267,1,1,1,1,1,1
2026-04-19 04:00,1.09,46.03,64.0,-110.7,19.7,0.311,1,1,1,1,1,1
2026-04-19 08:00,22.98,53.56,71.4,-122.3,21.3,0.341,1,1,1,1,1,1
2026-04-19 12:00,66.7,47.65,64.8,-140.7,23.1,0.447,1,1,1,1,1,1
2026-04-19 16:00,22.47,41.2,59.5,-138.1,20.1,0.211,1,1,1,1,1,1
2026-04-19 20:00,1.39,52.87,67.2,-129.2,25.8,0.344,1,1,1,1,1,1
2026-04-20 00:00,4.53,53.3,57.0,-122.5,24.0,0.332,1,1,1,1,1,1
2026-04-20 04:00,0.96,52.69,54.8,-141.8,19.6,0.328,1,1,1,1,1,1
2026-04-20 08:00,23.14,44.9,55.5,-140.0,21.0,0.284,1,1,1,1,1,1
2026-04-20 12:00,58.36,48.83,62.1,-120.6,24.3,0.396,1,1,1,1,1,1
2026-04-20 16:00,22.3,43.06,66.5,-139.7,22.2,0.286,1,1,1,1,1,1
2026-04-20 20:00,0.95,40.26,62.0,-121.0,22.4,0.428,1,1,1,1,1,1
2026-04-21 00:00,2.04,40.78,70.4,-134.6,23.0,0.208,1,1,1,1,1,1
2026-04-21 04:00,3.44,53.93,65.0,-112.9,24.1,0.223,1,1,1,1,1,1
2026-04-21 08:00,20.08,49.11,65.6,-139.8,23.2,0.436,1,1,1,1,1,1
2026-04-21 12:00,66.72,58.02,62.4,-142.4,22.0,0.399,1,1,1,1,1,1
2026-04-21 16:00,21.08,57.53,66.6,-146.4,23.5,0.383,1,1,1,1,1,1
2026-04-21 20:00,4.94,56.33,52.0,-147.2,23.9,0.307,1,1,1,1,1,1
2026-04-22 00:00,0.91,58.97,61.0,-117.4,20.3,0.168,1,1,1,1,1,1
2026-04-22 04:00,3.12,57.37,55.3,-138.3,21.6,0.233,1,1,1,1,1,1
2026-04-22 08:00,23.35,40.14,63.6,-110.5,19.7,0.307,1,1,1,1,1,1
2026-04-22 12:00,61.74,48.59,59.4,-114.4,26.0,0.395,1,1,1,1,1,1
2026-04-22 16:00,19.0,49.14,66.0,-121.0,25.2,0.192,1,1,1,1,1,1
2026-04-22 20:00,3.09,53.18,61.5,-133.5,20.3,0.446,1,1,1,1,1,1
2026-04-23 00:00,1.63,48.89,64.1,-134.0,23.3,0.174,1,1,1,1,1,1
2026-04-23 04:00,3.67,45.88,55.9,-144.3,22.6,0.322,1,1,1,1,1,1
2026-04-23 08:00,21.99,57.5,55.4,-132.1,19.8,0.349,1,1,1,1,1,1
2026-04-23 12:00,69.32,43.2,70.6,-113.9,24.4,0.216,1,1,1,1,1,1
2026-04-23 16:00,23.17,41.81,65.8,-115.1,25.5,0.38,1,1,1,1,1,1
2026-04-23 20:00,3.21,51.24,69.1,-117.7,20.6,0.185,1,1,1,1,1,1
2026-04-24 00:00,1.84,57.07,71.1,-126.9,19.0,0.169,1,1,1,1,1,1
2026-04-24 04:00,3.98,50.4,64.0,-141.1,21.8,0.311,1,1,1,1,1,1
2026-04-24 08:00,22.34,42.92,65.3,-117.9,23.9,0.33,1,1,1,1,1,1
2026-04-24 12:00,71.57,49.9,66.1,-134.9,25.9,0.25,1,1,1,1,1,1
2026-04-24 16:00,24.1,43.58,61.8,-134.3,25.9,0.348,1,1,1,1,1,1
2026-04-24 20:00,3.79,47.82,62.6,-138.7,23.9,0.209,1,1,1,1,1,1
2026-04-25 00:00,4.25,54.19,61.2,-143.5,20.0,0.359,1,1,1,1,1,1
2026-04-25 04:00,3.63,51.51,65.6,-110.5,20.0,0.435,1,1,1,1,1,1
2026-04-25 08:00,18.68,59.61,65.0,-126.3,25.8,0.338,1,1,1,1,1,1
2026-04-25 12:00,68.06,47.51,65.8,-118.2,23.6,0.383,1,1,1,1,1,1
2026-04-25 16:00,18.88,49.78,65.4,-129.6,19.2,0.322,1,1,1,1,1,1
2026-04-25 20:00,3.22,48.67,63.4,-146.0,19.4,0.423,1,1,1,1,1,1
2026-04-26 00:00,4.06,49.77,62.4,-126.6,24.0,0.387,1,1,1,1,1,1
2026-04-26 04:00,0.9,51.09,68.0,-145.1,19.9,0.212,1,1,1,1,1,1
2026-04-26 08:00,20.76,50.89,60.5,-112.2,19.0,0.24,1,1,1,1,1,1
2026-04-26 12:00,68.9,50.45,71.7,-135.9,22.8,0.213,1,1,1,1,1,1
2026-04-26 16:00,24.72,52.04,56.3,-135.6,19.9,0.337,1,1,1,1,1,1
2026-04-26 20:00,1.27,48.51,65.9,-128.6,19.5,0.37,1,1,1,1,1,1
2026-04-27 00:00,3.02,48.39,55.1,-110.3,22.0,0.158,1,1,1,1,1,1
2026-04-27 04:00,3.2,47.26,58.7,-139.1,25.1,0.218,1,1,1,1,1,1
2026-04-27 08:00,19.5,54.57,58.1,-117.1,22.4,0.309,1,1,1,1,1,1
2026-04-27 12:00,73.93,47.79,58.9,-120.3,25.8,0.31,1,1,1,1,1,1
2026-04-27 16:00,19.37,42.53,59.6,-120.6,19.4,0.368,1,1,1,1,1,1
2026-04-27 20:00,4.93,55.97,62.0,-139.0,22.0,0.433,1,1,1,1,1,1
2026-04-28 00:00,1.56,41.8,53.6,-120.8,25.6,0.2,1,1,1,1,1,1
2026-04-28 04:00,2.12,50.17,66.6,-130.8,22.6,0.449,1,1,1,1,1,1
2026-04-28 08:00,23.09,54.05,67.0,-140.2,24.2,0.435,1,1,1,1,1,1
2026-04-28 12:00,68.49,57.64,62.5,-141.0,19.5,0.402,1,1,1,1,1,1
2026-04-28 16:00,24.43,45.0,62.8,-119.3,19.8,0.24,1,1,1,1,1,1
2026-04-28 20:00,4.67,52.86,68.5,-148.6,22.2,0.335,1,1,1,1,1,0
2026-04-29 00:00,4.45,43.72,59.1,-145.9,22.4,0.175,1,1,1,1,1,1
2026-04-29 04:00,1.13,47.91,58.0,-132.9,20.3,0.393,1,1,1,1,1,1
2026-04-29 08:00,20.73,57.41,56.0,-142.4,19.3,0.268,1,1,1,1,1,1
2026-04-29 12:00,60.32,48.42,63.0,-118.0,24.0,0.247,1,1,1,1,1,1
2026-04-29 16:00,19.06,42.16,52.4,-143.8,22.5,0.38,1,1,1,1,1,1
2026-04-29 20:00,1.45,49.72,67.2,-140.1,20.1,0.303,1,1,1,1,1,1
2026-04-30 00:00,0.99,54.13,68.2,-122.0,22.5,0.204,1,1,1,1,1,1
2026-04-30 04:00,4.95,58.58,60.5,-125.3,19.6,0.165,1,1,1,1,1,1
2026-04-30 08:00,21.73,52.88,58.1,-139.2,21.0,0.255,1,1,1,1,1,1
2026-04-30 12:00,59.24,49.44,70.2,-146.0,20.3,0.434,1,1,1,1,1,1
2026-04-30 16:00,20.54,54.83,59.2,-118.8,22.7,0.261,1,1,1,1,1,1
2026-04-30 20:00,0.6,51.73,70.2,-123.8,20.3,0.361,1,1,1,1,1,1
2026-05-01 00:00,1.01,54.42,46.0,-152.3,22.9,0.288,1,1,1,1,1,1
2026-05-01 04:00,3.59,58.22,46.6,-143.2,25.5,0.376,1,1,1,1,1,1
2026-05-01 08:00,20.3,53.88,62.0,-144.1,23.8,0.505,1,1,1,1,1,1
2026-05-01 12:00,50.43,43.68,48.7,-151.3,23.9,0.508,1,1,1,1,1,1
2026-05-01 16:00,19.72,51.04,48.9,-158.2,20.7,0.214,1,1,1,1,1,1
2026-05-01 20:00,1.25,56.47,57.3,-159.9,21.4,0.412,1,1,1,1,1,1
2026-05-02 00:00,3.06,46.49,46.3,-127.4,24.8,0.277,1,1,1,1,1,1
2026-05-02 04:00,3.9,42.13,62.2,-144.7,23.6,0.505,1,1,1,1,1,1
2026-05-02 08:00,20.38,55.06,48.6,-150.7,24.1,0.329,1,1,1,1,1,1
2026-05-02 12:00,54.81,54.59,59.9,-159.2,20.1,0.262,1,1,1,1,1,1
2026-05-02 16:00,21.47,42.0,57.1,-130.9,24.7,0.411,1,1,1,1,1,1
2026-05-02 20:00,1.24,41.67,48.3,-134.9,19.1,0.538,1,1,1,1,1,1
2026-05-03 00:00,2.4,51.26,55.2,-153.5,21.3,0.254,1,1,1,1,1,1
2026-05-03 04:00,1.48,50.23,64.2,-154.3,25.4,0.208,1,1,1,1,1,1
2026-05-03 08:00,20.89,56.46,47.6,-153.2,19.8,0.236,1,1,1,1,1,1
2026-05-03 12:00,62.91,52.09,49.1,-138.8,23.2,0.438,1,1,1,1,1,1
2026-05-03 16:00,21.11,53.23,66.5,-127.6,24.0,0.227,0,1,1,1,1,1
2026-05-03 20:00,3.61,55.71,56.0,-157.3,23.0,0.536,1,1,1,1,1,1
2026-05-04 00:00,2.12,53.87,54.5,-128.3,21.3,0.481,1,1,1,1,1,1
2026-05-04 04:00,4.11,47.69,58.4,-143.1,23.0,0.443,1,1,1,0,1,1
2026-05-04 08:00,18.72,59.15,66.2,-157.6,21.4,0.497,1,1,1,1,1,1
2026-05-04 12:00,63.26,44.85,64.0,-157.8,20.0,0.537,1,1,1,1,1,1
2026-05-04 16:00,19.42,41.48,64.3,-125.2,19.2,0.328,1,1,1,1,1,1
2026-05-04 20:00,3.72,54.96,61.1,-148.0,21.9,0.318,1,1,1,1,1,1
2026-05-05 00:00,3.76,50.07,45.2,-126.7,23.8,0.507,1,1,1,1,1,1
2026-05-05 04:00,0.78,59.46,57.0,-120.9,19.9,0.274,1,1,1,1,1,1
2026-05-05 08:00,20.44,49.37,52.2,-134.3,24.8,0.258,1,1,1,1,1,1
2026-05-05 12:00,61.93,40.56,51.5,-138.3,19.5,0.409,1,1,1,1,1,1
2026-05-05 16:00,21.51,51.3,58.0,-128.4,19.3,0.31,1,1,1,1,1,1
2026-05-05 20:00,3.76,54.51,67.4,-131.9,19.7,0.343,1,1,1,1,1,1
2026-05-06 00:00,2.93,57.04,51.7,-153.9,22.2,0.51,1,1,1,1,1,1
2026-05-06 04:00,0.81,59.27,56.9,-130.9,23.6,0.526,1,1,1,1,1,1
2026-05-06 08:00,20.94,55.48,53.9,-151.6,23.3,0.226,1,1,1,1,1,1
2026-05-06 12:00,55.94,59.38,63.0,-156.5,19.7,0.31,1,1,1,1,1,1
2026-05-06 16:00,20.15,45.16,55.9,-149.8,25.1,0.428,1,1,1,1,1,1
2026-05-06 20:00,4.29,58.34,48.0,-145.3,24.9,0.533,1,1,1,1,1,1
2026-05-07 00:00,3.1,52.88,62.0,-150.2,24.7,0.203,1,1,1,1,1,1
2026-05-07 04:00,2.31,41.87,55.7,-134.3,25.3,0.363,1,1,1,1,1,1
2026-05-07 08:00,17.19,46.35,67.9,-140.5,23.9,0.367,1,1,1,1,1,1
2026-05-07 12:00,45.63,52.02,53.7,-122.5,21.5,0.351,1,1,1,1,1,1
2026-05-07 16:00,19.24,41.67,46.6,-143.8,21.1,0.449,1,1,1,1,1,1
2026-05-07 20:00,4.51,46.84,62.3,-153.4,21.4,0.347,1,1,1,1,1,1
2026-05-08 00:00,1.95,40.2,63.0,-136.1,19.5,0.434,1,1,1,1,1,1
2026-05-08 04:00,1.58,43.01,55.5,-154.1,25.1,0.24,1,1,1,0,1,1
2026-05-08 08:00,15.84,48.99,67.3,-156.1,20.5,0.543,1,1,1,1,1,1
2026-05-08 12:00,64.43,51.54,45.3,-127.4,19.1,0.514,1,1,1,1,1,1
2026-05-08 16:00,17.35,50.85,57.0,-129.4,19.8,0.262,1,1,1,1,1,1
2026-05-08 20:00,3.44,48.75,51.5,-135.2,25.5,0.5,1,1,1,1,1,1
2026-05-09 00:00,2.48,55.03,66.3,-156.0,22.1,0.403,1,1,1,1,1,1
2026-05-09 04:00,0.98,49.39,47.9,-121.3,25.4,0.345,1,1,1,1,1,1
2026-05-09 08:00,16.89,57.59,51.1,-126.5,24.6,0.345,1,1,1,1,1,1
2026-05-09 12:00,61.33,56.4,58.8,-146.6,25.7,0.547,1,1,1,1,1,1
2026-05-09 16:00,18.85,42.58,59.6,-120.9,20.2,0.516,1,1,1,1,1,1
2026-05-09 20:00,3.92,56.86,59.4,-149.6,22.9,0.532,1,1,1,1,1,1
2026-05-10 00:00,3.54,58.41,46.8,-144.7,24.2,0.246,1,1,1,1,1,1
2026-05-10 04:00,2.68,44.91,62.9,-128.6,24.4,0.431,1,1,1,1,1,1
2026-05-10 08:00,18.06,51.92,47.5,-148.7,25.3,0.232,1,1,1,1,1,1
2026-05-10 12:00,46.47,59.18,46.8,-132.5,21.6,0.31,1,1,1,1,1,1
2026-05-10 16:00,19.04,40.63,67.4,-120.3,22.4,0.415,1,1,1,1,1,1
2026-05-10 20:00,0.12,50.23,48.5,-125.3,19.8,0.276,1,1,1,1,1,1
2026-05-11 00:00,4.77,46.97,57.7,-148.2,24.2,0.374,1,1,1,1,1,1
2026-05-11 04:00,1.41,47.86,58.4,-129.3,21.2,0.478,1,1,1,1,1,1
2026-05-11 08:00,19.15,52.15,54.9,-137.3,21.6,0.421,1,1,1,1,1,1
2026-05-11 12:00,61.53,52.9,67.2,-145.9,19.2,0.263,1,1,1,1,1,1
2026-05-11 16:00,20.2,42.45,52.3,-159.6,21.3,0.363,1,1,1,1,1,1
2026-05-11 20:00,0.51,45.56,59.0,-124.7,25.0,0.226,1,1,1,1,1,1
2026-05-12 00:00,4.01,49.97,67.8,-143.2,19.9,0.26,1,1,1,1,1,1
2026-05-12 04:00,4.94,58.23,51.5,-126.3,21.8,0.514,1,1,1,1,1,1
2026-05-12 08:00,19.82,45.49,62.3,-144.0,22.9,0.31,1,1,1,1,1,1
2026-05-12 12:00,47.43,47.48,59.2,-158.8,19.3,0.204,1,1,1,1,1,1
2026-05-12 16:00,21.02,47.38,65.8,-120.4,25.5,0.504,1,1,1,1,1,1
2026-05-12 20:00,3.06,56.25,51.2,-153.2,20.0,0.361,1,1,1,1,1,1
2026-05-13 00:00,2.23,42.45,57.1,-136.9,23.6,0.542,1,1,1,1,1,1
2026-05-13 04:00,2.79,57.46,60.2,-130.6,20.4,0.227,1,1,1,1,1,1
2026-05-13 08:00,15.7,44.17,58.6,-138.9,25.0,0.466,1,1,1,1,1,1
2026-05-13 12:00,52.27,59.5,65.0,-139.5,24.5,0.266,1,1,1,1,1,1
2026-05-13 16:00,20.84,54.9,50.5,-124.2,20.3,0.21,1,1,1,1,1,1
2026-05-13 20:00,0.75,50.04,56.7,-157.9,20.9,0.234,1,1,1,1,1,1
2026-05-14 00:00,2.65,49.87,55.0,-132.8,23.5,0.536,1,1,1,1,1,1
2026-05-14 04:00,1.13,52.4,61.5,-144.3,19.7,0.457,1,1,1,1,1,1
2026-05-14 08:00,18.98,54.68,47.2,-139.9,23.9,0.367,1,1,1,1,1,1
2026-05-14 12:00,63.0,42.84,45.3,-141.0,21.3,0.262,1,1,1,1,1,1
2026-05-14 16:00,18.89,49.77,50.7,-155.6,24.7,0.399,1,1,1,1,1,1
2026-05-14 20:00,1.52,54.72,55.4,-130.6,25.9,0.29,1,1,1,1,1,1
2026-05-15 00:00,3.87,57.14,65.7,-136.2,19.8,0.44,1,1,1,1,1,1
2026-05-15 04:00,2.49,44.89,62.0,-121.1,21.5,0.461,1,1,1,1,1,1
2026-05-15 08:00,20.99,48.99,67.0,-138.9,20.9,0.438,1,1,1,1,1,1
2026-05-15 12:00,55.4,46.87,59.1,-142.7,22.2,0.539,1,1,1,1,1,1
2026-05-15 16:00,16.0,59.33,59.3,-133.4,21.1,0.301,1,1,1,1,1,1
2026-05-15 20:00,1.53,48.61,60.2,-160.0,20.8,0.323,1,1,1,1,1,1
2026-05-16 00:00,1.35,59.92,49.5,-136.6,19.6,0.277,1,1,1,1,1,1
2026-05-16 04:00,0.49,45.23,51.9,-147.6,22.9,0.438,1,1,1,1,1,1
2026-05-16 08:00,17.01,41.71,58.0,-134.9,22.8,0.332,1,1,1,1,1,1
2026-05-16 12:00,59.25,49.37,54.8,-143.2,21.9,0.21,1,1,1,1,1,1
2026-05-16 16:00,16.62,50.24,47.9,-138.3,23.0,0.303,1,1,1,0,1,1
2026-05-16 20:00,2.3,41.09,46.3,-126.8,23.5,0.317,1,1,1,1,1,1
2026-05-17 00:00,3.37,54.79,46.2,-151.8,20.0,0.459,1,1,1,1,1,1
2026-05-17 04:00,4.95,40.13,56.2,-132.5,19.8,0.2,1,1,1,1,1,1
2026-05-17 08:00,17.96,41.11,47.8,-143.8,25.9,0.487,1,1,1,1,1,1
2026-05-17 12:00,53.65,52.72,49.3,-127.3,23.6,0.26,1,1,1,1,1,1
2026-05-17 16:00,18.29,53.35,54.0,-132.1,19.8,0.346,1,1,1,1,1,1
2026-05-17 20:00,3.23,57.86,59.3,-158.3,25.3,0.537,1,1,1,1,1,1
2026-05-18 00:00,2.52,46.98,61.2,-144.4,19.4,0.43,1,1,1,1,1,1
2026-05-18 04:00,3.81,46.06,54.1,-123.4,23.5,0.332,1,1,1,1,1,1
2026-05-18 08:00,15.86,46.48,67.0,-146.1,23.3,0.341,1,1,1,1,1,1
2026-05-18 12:00,54.53,55.2,67.6,-127.7,24.1,0.283,1,1,1,1,1,1
2026-05-18 16:00,19.08,42.29,64.5,-157.1,24.3,0.412,1,1,1,1,1,1
2026-05-18 20:00,2.87,43.99,50.8,-142.5,21.0,0.27,1,1,1,1,1,1
2026-05-19 00:00,3.34,44.07,63.6,-124.3,21.5,0.343,1,1,1,1,1,1
2026-05-19 04:00,2.48,56.65,58.1,-141.1,21.5,0.416,1,1,1,1,1,1
2026-05-19 08:00,15.52,55.65,51.9,-155.3,20.6,0.411,1,1,1,1,1,1
2026-05-19 12:00,46.36,57.43,67.3,-157.0,23.0,0.499,1,1,1,1,1,1
2026-05-19 16:00,18.14,58.35,51.1,-158.8,21.4,0.291,1,1,1,1,1,1
2026-05-19 20:00,3.32,57.57,50.4,-157.1,25.6,0.517,1,1,1,1,1,1
2026-05-20 00:00,3.06,41.61,57.7,-122.1,20.9,0.215,1,1,1,1,1,1
2026-05-20 04:00,4.86,40.43,46.3,-129.1,24.7,0.387,1,1,1,1,1,1
2026-05-20 08:00,19.64,48.59,54.8,-154.5,22.1,0.514,1,1,1,1,1,1
2026-05-20 12:00,56.77,44.54,62.2,-124.5,24.6,0.399,1,1,1,1,1,1
2026-05-20 16:00,16.2,40.87,53.0,-133.8,20.7,0.302,1,1,1,1,1,1
2026-05-20 20:00,2.47,54.7,53.2,-123.4,20.5,0.45,1,1,1,1,1,1
2026-05-21 00:00,3.49,50.07,46.2,-124.0,23.9,0.418,1,1,1,1,1,1
2026-05-21 04:00,1.05,47.45,63.8,-154.3,25.8,0.444,1,1,1,1,1,1
2026-05-21 08:00,17.56,56.54,46.9,-148.8,23.3,0.373,1,1,1,1,1,1
2026-05-21 12:00,46.05,46.1,57.5,-146.1,19.2,0.413,1,1,1,1,1,1
2026-05-21 16:00,17.27,56.58,55.0,-142.9,24.1,0.457,1,1,1,1,1,1
2026-05-21 20:00,4.69,49.27,58.2,-137.3,22.6,0.257,1,1,1,1,1,1
2026-05-22 00:00,4.75,41.71,50.7,-138.3,21.4,0.338,1,1,1,1,1,1
2026-05-22 04:00,0.62,51.37,52.4,-149.4,20.3,0.362,1,1,1,1,1,1
2026-05-22 08:00,15.39,58.78,51.4,-135.6,21.2,0.222,1,1,1,1,1,1
2026-05-22 12:00,47.94,52.36,46.1,-155.4,19.3,0.44,1,1,1,1,1,1
2026-05-22 16:00,16.73,45.15,60.6,-125.7,21.5,0.451,1,1,1,1,1,1
2026-05-22 20:00,1.63,47.43,63.9,-143.4,23.5,0.507,1,1,1,1,1,1
2026-05-23 00:00,2.35,59.47,59.3,-153.6,19.3,0.526,1,1,1,1,1,1
2026-05-23 04:00,2.54,51.63,52.9,-151.4,24.8,0.211,1,1,1,1,1,1
2026-05-23 08:00,16.5,50.07,58.2,-138.1,21.9,0.457,1,1,1,1,1,1
2026-05-23 12:00,50.38,56.72,51.7,-150.2,20.7,0.469,1,1,1,1,1,1
2026-05-23 16:00,20.87,47.24,53.1,-139.8,25.4,0.429,1,1,1,1,1,1
2026-05-23 20:00,2.69,55.53,54.4,-136.6,20.0,0.291,1,1,1,1,1,1
2026-05-24 00:00,3.16,55.45,65.7,-124.9,19.1,0.242,1,1,1,1,1,1
2026-05-24 04:00,2.16,53.8,67.8,-154.7,25.1,0.522,1,1,1,1,1,1
2026-05-24 08:00,20.98,57.97,58.6,-135.3,26.0,0.216,1,1,1,1,1,1
2026-05-24 12:00,50.79,49.54,48.1,-152.7,24.4,0.521,1,1,1,1,1,1
2026-05-24 16:00,17.53,48.77,56.7,-136.5,25.6,0.234,1,1,1,1,1,1
2026-05-24 20:00,2.13,46.46,52.3,-152.9,20.0,0.485,1,1,1,1,1,1
2026-05-25 00:00,0.5,45.7,47.7,-149.0,22.1,0.51,1,1,1,1,1,1
2026-05-25 04:00,0.71,44.14,64.3,-129.8,19.2,0.516,1,1,1,1,1,1
2026-05-25 08:00,16.35,58.84,58.1,-130.7,22.6,0.491,1,1,1,1,1,1
2026-05-25 12:00,50.26,57.29,67.8,-130.7,19.8,0.324,1,1,1,1,1,1
2026-05-25 16:00,19.2,50.26,62.9,-131.7,21.2,0.524,1,1,1,1,1,1
2026-05-25 20:00,4.39,40.71,59.6,-159.7,20.0,0.332,1,1,1,1,1,1
2026-05-26 00:00,1.41,43.97,65.1,-122.0,25.0,0.462,0,1,1,1,1,1
2026-05-26 04:00,1.32,47.61,58.4,-134.5,22.4,0.43,1,1,1,1,1,1
2026-05-26 08:00,17.61,47.14,56.1,-156.1,19.8,0.508,1,1,1,1,1,1
2026-05-26 12:00,54.29,46.38,47.6,-132.1,23.9,0.471,1,1,1,1,1,1
2026-05-26 16:00,18.38,57.8,63.0,-157.6,24.4,0.292,1,1,1,1,1,1
2026-05-26 20:00,3.64,46.8,63.8,-147.7,21.9,0.4,1,1,1,1,1,1
2026-05-27 00:00,3.02,40.4,61.6,-127.9,19.6,0.447,1,1,1,1,1,1
2026-05-27 04:00,0.99,43.14,57.3,-125.6,20.6,0.48,1,1,1,1,1,1
2026-05-27 08:00,15.13,58.81,47.4,-144.1,22.4,0.255,1,1,1,1,1,1
2026-05-27 12:00,60.68,53.11,48.0,-130.4,20.9,0.23,1,1,1,1,1,1
2026-05-27 16:00,19.03,43.04,61.9,-128.3,20.4,0.412,1,1,1,1,1,1
2026-05-27 20:00,1.32,53.12,55.8,-148.4,19.7,0.538,1,1,1,1,1,1
2026-05-28 00:00,2.49,47.87,53.6,-138.1,19.8,0.278,1,1,1,1,1,1
2026-05-28 04:00,1.66,56.19,67.4,-156.2,20.2,0.503,1,1,1,1,1,1
2026-05-28 08:00,18.78,44.65,62.7,-149.9,21.2,0.318,1,1,1,1,0,1
2026-05-28 12:00,60.1,55.89,57.5,-147.5,23.6,0.313,1,1,1,1,1,1
2026-05-28 16:00,19.66,47.51,62.4,-153.5,24.2,0.258,1,1,1,1,1,1
2026-05-28 20:00,2.44,54.98,57.6,-144.0,21.1,0.352,1,1,1,1,1,1
2026-05-29 00:00,3.25,42.83,57.0,-151.8,23.3,0.45,1,1,1,1,1,1
2026-05-29 04:00,4.26,42.71,57.1,-126.8,19.1,0.346,1,1,1,1,1,1
2026-05-29 08:00,18.58,46.62,46.4,-141.3,20.1,0.323,1,1,1,1,1,1
2026-05-29 12:00,62.36,51.69,52.0,-135.0,21.8,0.289,1,1,1,1,1,1
2026-05-29 16:00,16.75,42.05,63.3,-136.5,24.4,0.316,1,1,1,1,1,1
2026-05-29 20:00,2.37,43.36,63.0,-120.4,19.6,0.481,1,1,1,1,1,1
2026-05-30 00:00,2.56,48.79,60.3,-146.9,22.5,0.241,1,1,1,1,1,1
2026-05-30 04:00,2.65,57.67,64.4,-121.8,25.6,0.492,1,1,1,1,1,1
2026-05-30 08:00,18.72,48.71,53.0,-159.0,21.6,0.363,1,1,1,1,1,1
2026-05-30 12:00,52.65,43.58,62.2,-159.6,22.1,0.384,0,1,1,1,1,1
2026-05-30 16:00,19.05,40.67,51.3,-140.9,19.3,0.443,1,1,1,1,1,1
2026-05-30 20:00,4.99,52.64,56.3,-141.1,25.1,0.463,1,1,1,1,1,1
2026-05-31 00:00,4.35,42.63,54.7,-126.2,19.4,0.423,1,1,1,1,1,1
2026-05-31 04:00,0.08,56.75,64.5,-147.3,24.0,0.517,1,1,1,1,1,1
2026-05-31 08:00,19.46,41.3,64.0,-139.9,24.1,0.229,1,1,1,1,1,1
2026-05-31 12:00,61.76,40.06,51.3,-146.0,21.4,0.399,1,1,1,1,1,1
2026-05-31 16:00,16.24,51.82,67.2,-129.3,24.5,0.276,1,1,1,1,1,1
2026-05-31 20:00,4.51,43.82,62.4,-154.7,19.4,0.447,1,1,1,1,1,1
2026-06-01 00:00,0.89,45.9,53.3,-159.4,22.4,0.481,1,1,1,1,1,1
2026-06-01 04:00,4.17,47.71,49.8,-161.6,23.9,0.389,1,1,1,1,1,1
2026-06-01 08:00,16.96,41.82,55.0,-159.7,22.3,0.263,1,1,1,1,1,1
2026-06-01 12:00,42.56,51.77,38.7,-141.9,23.4,0.598,1,1,1,1,1,1
2026-06-01 16:00,13.71,49.34,42.1,-169.1,24.7,0.433,1,1,1,1,1,1
2026-06-01 20:00,1.69,53.57,44.6,-131.2,25.1,0.555,1,1,1,1,1,1
2026-06-02 00:00,0.14,50.24,58.3,-134.5,25.8,0.627,1,1,1,1,1,1
2026-06-02 04:00,4.85,46.19,54.8,-137.9,22.2,0.316,0,1,1,1,1,1
2026-06-02 08:00,13.02,41.8,43.4,-142.6,24.9,0.4,1,1,1,1,1,1
2026-06-02 12:00,48.37,56.63,53.5,-139.5,19.7,0.301,1,1,1,1,1,1
2026-06-02 16:00,14.5,47.88,39.6,-150.5,24.2,0.485,1,1,1,1,1,1
2026-06-02 20:00,3.05,55.03,58.1,-144.2,20.0,0.325,1,1,1,1,1,1
2026-06-03 00:00,1.93,56.43,38.8,-131.7,22.0,0.315,1,1,1,1,1,1
2026-06-03 04:00,4.31,56.07,38.3,-157.2,23.0,0.404,1,1,1,1,1,1
2026-06-03 08:00,13.39,52.68,51.3,-137.9,22.2,0.399,1,1,1,1,1,1
2026-06-03 12:00,45.63,47.67,52.8,-164.0,21.4,0.624,1,1,1,1,1,1
2026-06-03 16:00,13.54,42.43,48.8,-155.3,25.2,0.525,1,1,1,1,1,1
2026-06-03 20:00,1.78,40.35,45.1,-144.6,23.2,0.393,1,1,1,1,1,1
2026-06-04 00:00,3.16,48.62,44.0,-131.1,23.8,0.348,1,1,1,1,1,1
2026-06-04 04:00,1.86,42.94,59.5,-144.5,25.2,0.403,1,1,1,1,1,1
2026-06-04 08:00,18.0,45.14,52.4,-134.7,24.9,0.423,1,1,1,1,1,1
2026-06-04 12:00,39.88,55.98,46.2,-151.1,24.3,0.425,1,1,1,1,1,1
2026-06-04 16:00,16.19,45.45,47.0,-169.3,21.9,0.302,1,1,1,1,1,1
2026-06-04 20:00,1.62,41.27,44.3,-141.5,24.8,0.485,1,1,1,1,1,1
2026-06-05 00:00,1.73,48.89,48.2,-140.3,20.5,0.529,1,1,1,1,1,1
2026-06-05 04:00,2.81,46.91,42.6,-130.6,21.6,0.367,1,1,1,1,1,1
2026-06-05 08:00,14.54,59.92,38.5,-131.1,22.9,0.446,1,1,1,1,1,1
2026-06-05 12:00,39.37,59.84,50.6,-162.9,20.1,0.561,1,1,1,1,1,1
2026-06-05 16:00,13.8,47.26,40.3,-134.6,25.7,0.555,1,1,1,1,1,1
2026-06-05 20:00,4.13,48.99,58.3,-162.9,21.0,0.463,1,1,1,1,1,1
2026-06-06 00:00,4.87,48.21,52.0,-145.2,20.0,0.498,1,1,1,1,1,1
2026-06-06 04:00,2.85,49.44,40.0,-155.2,24.2,0.603,1,1,1,1,1,1
2026-06-06 08:00,17.5,43.5,58.6,-133.1,21.3,0.367,1,1,1,1,1,1
2026-06-06 12:00,50.94,59.46,49.0,-165.6,23.2,0.383,1,1,1,1,1,1
2026-06-06 16:00,16.18,57.34,59.9,-135.5,19.5,0.417,1,1,1,1,1,1
2026-06-06 20:00,0.12,49.62,54.0,-158.3,21.8,0.579,1,1,1,1,1,1
2026-06-07 00:00,0.62,42.92,43.8,-137.0,24.3,0.295,1,1,1,1,1,1
2026-06-07 04:00,0.49,52.84,39.6,-134.0,22.4,0.348,1,1,1,1,1,1
2026-06-07 08:00,15.63,55.23,41.3,-158.5,20.5,0.398,1,1,1,1,1,1
2026-06-07 12:00,43.8,45.9,54.4,-142.2,20.0,0.367,1,1,1,1,1,1
2026-06-07 16:00,13.4,54.42,54.4,-130.2,21.8,0.497,1,1,1,1,1,1
2026-06-07 20:00,4.33,49.7,41.7,-149.0,20.2,0.609,1,1,1,1,1,1
2026-06-08 00:00,3.89,55.79,52.3,-155.7,22.2,0.615,1,1,1,1,1,1
2026-06-08 04:00,1.01,53.28,46.8,-166.0,21.3,0.277,1,1,1,1,1,1
2026-06-08 08:00,15.44,44.96,43.6,-140.4,23.8,0.51,1,1,1,1,1,1
2026-06-08 12:00,36.83,43.8,56.3,-167.5,25.3,0.459,1,1,1,1,1,1
2026-06-08 16:00,16.88,46.38,51.9,-162.1,19.8,0.283,1,1,1,1,1,1
2026-06-08 20:00,4.31,42.23,57.5,-138.9,20.4,0.572,1,1,0,1,1,1
2026-06-09 00:00,0.88,50.15,49.3,-131.9,21.1,0.597,1,1,1,1,1,1
2026-06-09 04:00,4.73,49.75,45.0,-131.0,22.3,0.315,1,1,1,1,1,1
2026-06-09 08:00,15.26,43.65,55.1,-139.5,20.5,0.451,1,1,1,1,1,1
2026-06-09 12:00,38.09,43.13,54.9,-138.6,25.0,0.494,1,1,1,1,1,1
2026-06-09 16:00,13.46,58.66,48.4,-135.8,21.1,0.308,1,1,1,1,1,1
2026-06-09 20:00,2.09,55.24,46.9,-131.3,21.5,0.572,1,1,1,1,1,1
2026-06-10 00:00,1.47,47.47,45.1,-138.4,21.3,0.474,1,1,1,1,1,1
2026-06-10 04:00,1.63,49.59,53.9,-151.2,25.8,0.268,1,1,1,1,1,1
2026-06-10 08:00,14.17,42.03,52.1,-159.0,21.6,0.619,1,1,1,1,1,1
2026-06-10 12:00,38.04,43.01,44.6,-162.0,19.6,0.348,1,1,1,1,1,1
2026-06-10 16:00,16.81,41.36,55.3,-141.5,21.2,0.591,1,1,1,1,1,1
2026-06-10 20:00,1.67,53.55,53.5,-159.8,24.2,0.259,1,1,1,1,1,1
2026-06-11 00:00,4.56,50.25,38.4,-152.5,19.2,0.452,1,1,1,1,1,1
2026-06-11 04:00,2.83,59.48,55.2,-148.7,24.6,0.589,1,1,1,1,1,1
2026-06-11 08:00,14.54,45.54,47.9,-134.8,24.2,0.51,1,1,1,1,1,1
2026-06-11 12:00,43.65,40.43,50.6,-169.7,24.8,0.258,1,1,1,1,1,1
2026-06-11 16:00,14.72,53.31,54.9,-147.0,21.5,0.602,1,1,1,1,1,1
2026-06-11 20:00,3.01,56.89,55.1,-148.4,25.7,0.381,1,1,1,1,1,1
2026-06-12 00:00,4.68,44.34,45.8,-164.5,25.3,0.426,1,1,1,1,1,1
2026-06-12 04:00,2.23,47.98,42.5,-154.8,24.7,0.287,1,1,1,1,1,1
2026-06-12 08:00,14.93,52.1,54.5,-157.3,20.3,0.644,1,1,1,1,1,1
2026-06-12 12:00,51.07,48.01,56.9,-155.8,25.6,0.585,1,1,1,1,1,1
2026-06-12 16:00,14.26,49.43,58.9,-159.0,23.5,0.379,1,1,1,1,1,1
2026-06-12 20:00,3.81,41.22,55.7,-135.3,23.6,0.399,1,1,1,1,1,1
2026-06-13 00:00,4.05,43.63,57.3,-165.6,20.1,0.449,1,1,1,1,1,1
2026-06-13 04:00,1.66,57.78,38.8,-135.1,25.4,0.269,1,1,1,1,1,1
2026-06-13 08:00,12.28,59.76,40.5,-151.0,25.9,0.592,1,1,1,1,1,1
2026-06-13 12:00,53.06,42.56,52.4,-155.4,23.3,0.537,1,1,1,1,1,1
2026-06-13 16:00,17.95,44.51,39.8,-166.2,21.8,0.605,1,1,1,1,1,1
2026-06-13 20:00,3.34,50.4,50.7,-134.7,24.3,0.303,1,1,1,1,1,1
2026-06-14 00:00,1.93,40.96,42.4,-162.7,20.0,0.264,1,1,1,1,1,1
2026-06-14 04:00,3.14,56.34,50.7,-151.9,20.5,0.499,1,1,1,1,1,1
2026-06-14 08:00,17.62,45.11,55.8,-150.5,22.8,0.515,1,1,1,1,1,1
2026-06-14 12:00,54.3,42.52,43.0,-151.7,19.8,0.47,1,1,1,1,1,1
2026-06-14 16:00,17.45,50.09,46.7,-132.4,26.0,0.328,1,1,1,1,1,1
2026-06-14 20:00,0.76,57.2,49.6,-138.0,21.5,0.342,1,1,1,1,1,1
2026-06-15 00:00,3.09,56.86,54.5,-163.9,25.6,0.494,1,1,1,1,1,1
2026-06-15 04:00,4.86,57.87,48.3,-164.6,25.6,0.25,1,1,1,1,1,1
2026-06-15 08:00,12.06,48.21,41.2,-137.1,24.4,0.573,1,1,1,1,1,1
2026-06-15 12:00,51.69,41.41,59.2,-159.0,25.2,0.299,1,1,1,1,1,1
2026-06-15 16:00,11.74,42.35,44.8,-165.9,23.4,0.438,1,1,1,1,1,1
2026-06-15 20:00,4.89,58.21,45.5,-159.1,25.9,0.403,1,1,1,1,1,1
2026-06-16 00:00,3.97,55.17,42.9,-165.9,26.0,0.491,1,1,1,1,1,1
2026-06-16 04:00,2.11,52.76,57.0,-158.8,24.1,0.36,1,1,1,1,1,1
2026-06-16 08:00,12.34,56.12,43.3,-150.2,23.1,0.516,1,1,1,1,1,1
2026-06-16 12:00,45.38,58.5,46.4,-145.9,23.1,0.567,1,1,1,1,1,1
2026-06-16 16:00,17.69,48.44,46.7,-140.2,21.4,0.565,1,1,1,1,1,1
2026-06-16 20:00,3.89,53.38,38.6,-147.3,19.2,0.628,1,1,1,1,1,1
2026-06-17 00:00,4.09,46.88,59.4,-160.1,22.1,0.269,1,1,1,1,1,1
2026-06-17 04:00,2.74,46.44,46.8,-156.1,24.7,0.588,1,1,1,1,1,1
2026-06-17 08:00,17.19,42.03,53.9,-144.4,21.2,0.449,1,1,1,1,1,1
2026-06-17 12:00,52.92,55.1,59.1,-157.1,19.8,0.483,1,1,1,1,1,1
2026-06-17 16:00,16.3,43.97,40.0,-146.1,25.1,0.412,1,1,1,1,1,1
2026-06-17 20:00,4.78,56.29,57.5,-158.2,23.0,0.283,1,1,1,1,1,1
2026-06-18 00:00,2.47,56.66,59.6,-160.2,20.6,0.509,1,1,1,1,1,1
2026-06-18 04:00,2.07,51.02,50.5,-153.5,24.9,0.482,1,1,1,1,1,1
2026-06-18 08:00,17.02,45.27,46.1,-134.0,25.6,0.378,1,1,1,1,1,1
2026-06-18 12:00,45.77,42.58,59.6,-138.6,22.6,0.44,1,1,1,1,1,1
2026-06-18 16:00,15.36,59.7,48.2,-147.0,19.4,0.498,1,1,1,1,1,1
2026-06-18 20:00,0.29,46.95,57.1,-164.1,23.8,0.276,1,1,1,1,1,1
2026-06-19 00:00,3.52,58.85,59.7,-161.4,22.2,0.465,1,1,1,1,1,1
2026-06-19 04:00,2.7,53.63,44.9,-169.7,23.3,0.535,1,1,1,1,1,1
2026-06-19 08:00,16.55,44.98,51.2,-139.6,20.3,0.322,1,1,1,1,1,1
2026-06-19 12:00,53.98,47.75,47.0,-142.1,20.0,0.387,1,1,1,1,1,1
2026-06-19 16:00,14.34,44.53,59.7,-144.7,21.4,0.551,1,1,1,1,1,1
2026-06-19 20:00,0.84,59.27,49.6,-169.8,21.7,0.261,1,1,1,1,1,1
2026-06-20 00:00,0.91,44.37,45.6,-135.1,25.4,0.49,1,1,1,1,1,1
2026-06-20 04:00,4.09,40.61,38.9,-148.5,25.7,0.626,1,1,1,1,1,1
2026-06-20 08:00,17.67,49.95,51.3,-130.1,25.4,0.625,1,1,1,1,1,1
2026-06-20 12:00,41.77,47.31,43.3,-137.3,20.3,0.412,1,1,1,1,1,1
2026-06-20 16:00,17.26,41.98,49.4,-143.5,21.2,0.461,1,1,1,1,1,1
2026-06-20 20:00,2.24,43.96,58.8,-152.9,22.0,0.283,1,1,1,1,1,1
2026-06-21 00:00,3.85,55.42,53.4,-148.9,19.3,0.629,1,1,1,1,1,1
2026-06-21 04:00,2.67,40.94,44.7,-162.5,25.7,0.271,1,1,1,1,1,1
2026-06-21 08:00,16.33,58.21,40.2,-132.0,25.2,0.535,1,1,1,1,1,1
2026-06-21 12:00,39.12,53.79,58.3,-169.8,20.7,0.575,1,1,1,1,1,1
2026-06-21 16:00,11.97,42.83,43.4,-143.3,25.2,0.419,1,1,1,1,1,1
2026-06-21 20:00,1.36,53.81,47.1,-153.5,20.9,0.61,1,1,1,1,1,1
2026-06-22 00:00,2.25,53.26,42.9,-144.5,19.8,0.611,1,1,1,1,1,1
2026-06-22 04:00,4.65,47.96,49.8,-158.6,23.0,0.293,1,1,1,1,1,1
2026-06-22 08:00,12.51,59.91,48.3,-165.6,20.6,0.583,1,1,1,1,1,1
2026-06-22 12:00,37.86,51.94,38.9,-132.7,24.4,0.326,1,1,1,1,1,1
2026-06-22 16:00,17.81,47.0,42.4,-144.2,21.7,0.311,1,1,1,1,1,1
2026-06-22 20:00,4.36,41.39,43.4,-148.9,22.9,0.307,1,1,1,1,1,1
2026-06-23 00:00,0.85,58.66,46.1,-164.3,19.7,0.343,1,1,1,1,1,1
2026-06-23 04:00,3.14,51.27,39.6,-144.0,25.4,0.625,1,1,1,1,1,1
2026-06-23 08:00,15.75,46.9,59.7,-151.8,25.4,0.311,1,1,1,1,1,1
2026-06-23 12:00,54.98,57.64,46.1,-169.2,24.6,0.308,1,1,1,1,1,1
2026-06-23 16:00,14.02,58.84,47.3,-153.3,24.1,0.428,1,1,1,1,1,1
2026-06-23 20:00,1.08,43.82,42.3,-135.1,23.6,0.498,1,1,1,1,1,1
2026-06-24 00:00,0.71,42.17,52.3,-158.0,24.8,0.56,1,1,1,1,1,1
2026-06-24 04:00,2.59,43.61,47.7,-142.2,21.7,0.517,1,1,1,1,1,1
2026-06-24 08:00,12.99,48.23,48.3,-135.3,19.9,0.623,1,1,1,1,1,1
2026-06-24 12:00,50.74,41.72,38.2,-135.5,19.4,0.591,1,1,1,1,1,1
2026-06-24 16:00,14.09,58.18,50.8,-136.9,22.3,0.531,1,1,1,1,1,1
2026-06-24 20:00,2.66,52.37,41.5,-147.9,22.3,0.643,1,1,1,1,1,1
2026-06-25 00:00,3.78,42.71,46.4,-154.8,20.2,0.258,1,1,1,1,1,1
2026-06-25 04:00,4.85,58.93,50.5,-134.6,25.9,0.605,1,1,1,1,1,1
2026-06-25 08:00,16.94,53.38,59.2,-157.2,24.0,0.63,1,1,1,1,1,1
2026-06-25 12:00,38.38,57.03,42.2,-158.8,22.6,0.616,1,1,1,1,1,1
2026-06-25 16:00,14.55,40.81,54.5,-139.6,22.2,0.282,1,1,1,1,1,1
2026-06-25 20:00,1.9,58.09,46.4,-168.6,23.7,0.529,1,1,1,1,1,1
2026-06-26 00:00,4.71,54.38,50.2,-150.4,20.9,0.615,1,1,1,1,1,1
2026-06-26 04:00,4.05,56.12,40.4,-167.0,21.6,0.312,1,1,1,1,1,1
2026-06-26 08:00,17.47,52.35,41.4,-145.0,25.1,0.434,1,1,1,1,1,1
2026-06-26 12:00,49.92,41.62,40.0,-131.9,19.0,0.567,1,1,1,1,1,1
2026-06-26 16:00,12.98,59.76,51.3,-162.6,21.0,0.52,1,1,1,1,1,1
2026-06-26 20:00,0.72,50.84,59.4,-142.0,23.9,0.28,1,1,1,1,1,1
2026-06-27 00:00,3.01,50.13,44.3,-152.9,24.8,0.544,1,1,1,1,1,1
2026-06-27 04:00,0.31,46.88,54.1,-145.2,24.7,0.282,1,1,1,1,1,1
2026-06-27 08:00,17.78,47.23,53.0,-142.9,19.5,0.355,1,1,1,1,1,1
2026-06-27 12:00,41.27,59.98,42.2,-146.5,19.3,0.391,1,1,1,1,1,1
2026-06-27 16:00,17.66,49.04,41.1,-140.0,21.9,0.26,1,1,1,1,1,1
2026-06-27 20:00,3.96,53.24,41.8,-146.3,20.3,0.288,1,1,1,1,1,1
2026-06-28 00:00,4.78,50.99,43.0,-150.5,24.1,0.423,1,1,1,1,1,1
2026-06-28 04:00,1.62,49.53,44.4,-160.6,25.6,0.571,1,1,1,1,1,1
2026-06-28 08:00,14.53,42.44,40.8,-158.7,24.1,0.573,1,1,1,1,1,1
2026-06-28 12:00,39.19,46.52,43.1,-135.1,21.2,0.616,1,1,1,1,1,1
2026-06-28 16:00,12.51,46.44,51.9,-131.2,20.6,0.487,1,1,1,1,1,1
2026-06-28 20:00,0.48,55.0,51.7,-166.7,22.4,0.491,1,1,1,1,1,1
2026-06-29 00:00,1.38,42.86,56.7,-167.6,20.7,0.503,1,1,1,1,1,1
2026-06-29 04:00,4.93,52.1,49.8,-137.0,23.5,0.633,1,1,1,1,1,1
2026-06-29 08:00,13.55,55.81,47.3,-137.3,19.1,0.354,1,1,1,1,1,1
2026-06-29 12:00,53.2,42.95,51.8,-147.8,23.2,0.553,1,1,1,1,1,1
2026-06-29 16:00,12.52,59.12,40.7,-135.3,22.9,0.398,1,1,1,1,1,1
2026-06-29 20:00,1.63,56.72,38.8,-158.7,23.0,0.477,1,1,1,1,1,1
2026-06-30 00:00,0.76,50.46,58.7,-156.9,24.3,0.639,1,1,1,1,1,1
2026-06-30 04:00,3.21,47.92,28.8,-137.1,24.7,0.429,1,1,1,1,1,1
2026-06-30 08:00,12.02,56.86,21.4,-168.3,20.5,0.343,1,1,1,1,1,1
2026-06-30 12:00,35.39,55.31,17.8,-143.2,23.9,0.470,1,1,1,1,1,1
2026-06-30 16:00,15.54,47.36,15.4,-163.4,20.5,0.464,1,1,1,1,1,1
2026-06-30 20:00,1.01,52.15,15.2,-156.9,20.8,0.298,1,1,1,1,1,1

